Title;Categories
Blue Period 4 (2021);Art
Blue Period 5 (2021);Art
Blue Period 8 (2022);Art
Blue Period 7 (2022);Art
Frieren: Beyond Journey's End, Vol. 1 (2021);Award Winning
Frieren: Beyond Journey’s End, Vol. 2 (2022);Award Winning
Frieren: Beyond Journey's End, Vol. 3 (2022);Award Winning
Frieren: Beyond Journey's End, Vol. 4 (2022);Award Winning
Frieren: Beyond Journey's End, Vol. 5 (2022);Award Winning
Frieren: Beyond Journey’s End, Vol. 6 (2022);Award Winning
Frieren: Beyond Journey's End, Vol. 7 (2023);Award Winning
Blue Period 4 (2021);Award Winning
Blue Period 5 (2021);Award Winning
Blue Period 8 (2022);Award Winning
Blue Period 7 (2022);Award Winning
Chainsaw Man, Vol. 6 (2021);Award Winning
Chainsaw Man, Vol. 7 (2021);Award Winning
Chainsaw Man, Vol. 8 (2021);Award Winning
Chainsaw Man, Vol. 9 (2022);Award Winning
On Earth We're Briefly Gorgeous - A Novel (2021);Award Winning
On Earth We're Briefly Gorgeous - A Novel (2019);Award Winning
Time Is a Mother (2022);Award Winning
Night Sky with Exit Wounds (2017);Award Winning
Delicious in Dungeon (2017);Award Winning
Delicious in Dungeon World Guide: The Adventurer's Bible (2022);Award Winning
Delicious in Dungeon, Vol. 1 (2017);Award Winning
Delicious in Dungeon, Vol. 3 (2017);Award Winning
Delicious in Dungeon, Vol. 4 (2018);Award Winning
Delicious in Dungeon, Vol. 5 (2018);Award Winning
Delicious in Dungeon, Vol. 6 (2018);Award Winning
Delicious in Dungeon, Vol. 7 (2019);Award Winning
Delicious in Dungeon, Vol. 8 (2020);Award Winning
Delicious in Dungeon, Vol. 9 (2021);Award Winning
Skip and Loafer Vol. 6 (2022);Award Winning
Skip and Loafer Vol. 7 (2023);Award Winning
Skip and Loafer Vol. 8 (2023);Award Winning
One Piece Box Set 4: Dressrosa to Reverie - Volumes 71-90 with Premium (2021);Comics & Graphic Novels
One Piece Color Walk Compendium: East Blue to Skypiea (2018);Comics & Graphic Novels
One Piece Color Walk Compendium: New World to Wano (2022);Comics & Graphic Novels
One Piece, Vol. 95 - Oden's Adventure (2020);Comics & Graphic Novels
One Piece, Vol. 98 - Vassals Of Glory (2021);Comics & Graphic Novels
One Piece, Vol. 99 (2022);Comics & Graphic Novels
One Piece Pirate Recipes (2021);Comics & Graphic Novels
One Piece, Vol. 96 - I Am Oden, And I Was Born To Boil (2021);Comics & Graphic Novels
One Piece, Vol. 97 - My Bible (2021);Comics & Graphic Novels
One Piece, Vol. 99 - Straw Hat Luffy (2022);Comics & Graphic Novels
To Kill a Mockingbird: A Graphic Novel - A Graphic Novel (2018);Comics & Graphic Novels
To Kill a Mockingbird: A Graphic Novel (2018);Comics & Graphic Novels
To Kill a Mockingbird - The stunning graphic novel adaptation (2018);Comics & Graphic Novels
Frieren: Beyond Journey's End, Vol. 1 (2021);Comics & Graphic Novels
Frieren: Beyond Journey’s End, Vol. 2 (2022);Comics & Graphic Novels
Frieren: Beyond Journey's End, Vol. 3 (2022);Comics & Graphic Novels
Frieren: Beyond Journey's End, Vol. 4 (2022);Comics & Graphic Novels
Frieren: Beyond Journey's End, Vol. 5 (2022);Comics & Graphic Novels
Frieren: Beyond Journey’s End, Vol. 6 (2022);Comics & Graphic Novels
Frieren: Beyond Journey's End, Vol. 7 (2023);Comics & Graphic Novels
Yotsuba&!, Vol. 10 (2011);Comics & Graphic Novels
Yotsuba&!, Vol. 11 (2012);Comics & Graphic Novels
Yotsuba&!, Vol. 12 (2013);Comics & Graphic Novels
Yotsuba&!, Vol. 13 (2016);Comics & Graphic Novels
Yotsuba&!, Vol. 14 (2018);Comics & Graphic Novels
Skip and Loafer Vol. 6 (2022);Comics & Graphic Novels
Skip and Loafer Vol. 7 (2023);Comics & Graphic Novels
Skip and Loafer Vol. 8 (2023);Comics & Graphic Novels
The Apothecary Diaries 01 (Manga) (2020);Comics & Graphic Novels
The Apothecary Diaries 02 (Manga) (2021);Comics & Graphic Novels
Delicious in Dungeon (2017);Comics & Graphic Novels
Delicious in Dungeon World Guide: The Adventurer's Bible (2022);Comics & Graphic Novels
Delicious in Dungeon, Vol. 1 (2017);Comics & Graphic Novels
Delicious in Dungeon, Vol. 3 (2017);Comics & Graphic Novels
Delicious in Dungeon, Vol. 4 (2018);Comics & Graphic Novels
Delicious in Dungeon, Vol. 5 (2018);Comics & Graphic Novels
Delicious in Dungeon, Vol. 6 (2018);Comics & Graphic Novels
Delicious in Dungeon, Vol. 7 (2019);Comics & Graphic Novels
Delicious in Dungeon, Vol. 8 (2020);Comics & Graphic Novels
Delicious in Dungeon, Vol. 9 (2021);Comics & Graphic Novels
The Man in Black (2019);Comics & Graphic Novels
The Way Station (2019);Comics & Graphic Novels
Chainsaw Man Box Set - Includes volumes 1-11 (2023);Comics & Graphic Novels
Chainsaw Man, Vol. 6 (2021);Comics & Graphic Novels
Chainsaw Man, Vol. 7 (2021);Comics & Graphic Novels
Chainsaw Man, Vol. 8 (2021);Comics & Graphic Novels
Chainsaw Man, Vol. 9 (2022);Comics & Graphic Novels
Fire Punch, Vol. 5 (2019);Comics & Graphic Novels
Fire Punch, Vol. 6 (2019);Comics & Graphic Novels
Fire Punch, Vol. 7 (2019);Comics & Graphic Novels
Fire Punch, Vol. 8 (2019);Comics & Graphic Novels
Tatsuki Fujimoto Before Chainsaw Man: 17-21 (2023);Comics & Graphic Novels
Tatsuki Fujimoto Before Chainsaw Man: 22-26 (2023);Comics & Graphic Novels
Blue Period 4 (2021);Comics & Graphic Novels
Blue Period 5 (2021);Comics & Graphic Novels
Blue Period 8 (2022);Comics & Graphic Novels
Blue Period 7 (2022);Comics & Graphic Novels
Dandadan, Vol. 1 (2022);Comics & Graphic Novels
Dandadan, Vol. 10 (2024);Comics & Graphic Novels
Dandadan, Vol. 2 (2023);Comics & Graphic Novels
Dandadan, Vol. 3 (2023);Comics & Graphic Novels
Dandadan, Vol. 4 (2023);Comics & Graphic Novels
Dandadan, Vol. 5 (2023);Comics & Graphic Novels
Dandadan, Vol. 6 (2024);Comics & Graphic Novels
Dandadan, Vol. 7 (2024);Comics & Graphic Novels
Dandadan, Vol. 9 (2024);Comics & Graphic Novels
Cherry Magic! Thirty Years of Virginity Can Make You a Wizard?! 01 (2020);Comics & Graphic Novels
Cherry Magic! Thirty Years of Virginity Can Make You a Wizard?! 03 (2021);Comics & Graphic Novels
Cherry Magic! Thirty Years of Virginity Can Make You a Wizard?! 04 (2022);Comics & Graphic Novels
Jane Austen's Pride and Prejudice - A Book-to-Table Classic (2018);Cooking
Of Mice and Men - A Play (2014);Cowboys
King John - Third Series (2018);Drama
King Lear (2015);Drama
William Shakespeare Tragedies (2020);Drama
The New Oxford Shakespeare - The Complete Works (2016);Drama
The Lord of the Rings [Illustrated Edition] (2021);Fantasy
Frieren: Beyond Journey's End, Vol. 1 (2021);Fantasy
Frieren: Beyond Journey’s End, Vol. 2 (2022);Fantasy
Frieren: Beyond Journey's End, Vol. 3 (2022);Fantasy
Frieren: Beyond Journey's End, Vol. 4 (2022);Fantasy
Frieren: Beyond Journey's End, Vol. 5 (2022);Fantasy
Frieren: Beyond Journey’s End, Vol. 6 (2022);Fantasy
Frieren: Beyond Journey's End, Vol. 7 (2023);Fantasy
Marple: Twelve New Stories (2022);Fiction
Midsummer Mysteries - Tales from the Queen of Mystery (2023);Fiction
The Murder of Roger Ackroyd & The Hollow Bundle (2022);Fiction
The Clue of the Chocolate Box (2019);Fiction
The Mysterious Affair at Styles Agatha Christie - Original Ending (2021);Fiction
Murder - Vintage Minis (2020);Fiction
London - Vintage Minis (2020);Fiction
Oliver Twist - The Parish Boy's Progress - With Appreciations and Criticisms By G. K. Chesterton (2015);Fiction
The Complete Books of F. Scott Fitzgerald (all his 5 novels + all 4 short story collections published during his lifetime) (2023);Fiction
Jacob's Ladder (2024);Fiction
Magnetism (2024);Fiction
More Than Just a House (2024);Fiction
One Interne (2024);Fiction
Voyaging, Volume One: The Plague Star (2023);Fiction
Death Draws Five - A Wild Cards Novel (2021);Fiction
Joker Moon - A Wild Cards Novel (2021);Fiction
Three Kings - A Wild Cards Mosaic Novel (Book Two of the British Arc) (2022);Fiction
Wild Cards XI: Dealer's Choice - Book Three of the Rox Triad (2020);Fiction
The Rise of the Dragon - An Illustrated History of the Targaryen Dynasty (2022);Fiction
To Kill a Mockingbird - A Novel (2017);Fiction
Magic (2023);Fiction
The Caves of Steel (2023);Fiction
The Complete Stories Volume II (2023);Fiction
The Catcher in the Rye - Jd Edition (2017);Fiction
The Fall of Númenor - And Other Tales from the Second Age of Middle-earth (2022);Fiction
The Lord of the Rings (2021);Fiction
The Lord of the Rings (2022);Fiction
The Lord of the Rings Illustrated (2021);Fiction
The Nature Of Middle-Earth (2021);Fiction
The Peoples of Middle-earth (2023);Fiction
The Return Of The Shadow - The History of the Lord of the Rings, Part One (2021);Fiction
The War Of The Ring - The History of the Lord of the Rings, Part Three (2021);Fiction
The Fall of Númenor: and Other Tales from the Second Age of Middle-earth (2022);Fiction
The Hobbit: Illustrated by the Author (2023);Fiction
The Letters of J. R. R. Tolkien: Revised and Expanded edition (2023);Fiction
The Silmarillion (2022);Fiction
The Adventures of Tom Bombadil (2024);Fiction
The Hobbit Collector's Edition (2024);Fiction
The Hobbit Deluxe Illustrated Edition (2024);Fiction
The Hobbit Illustrated by the Author (2023);Fiction
The Silmarillion Collector's Edition (2024);Fiction
"The Lord of the Rings Omnibus Tie-In: The Fellowship of the Ring; The Two Towers; The Return of the King (2022)";Fiction
The Two Towers [Tv Tie-In]: The Lord of the Rings Part Two (2022);Fiction
The Art of the Lord of the Rings (2023);Fiction
The History of the Hobbit - One Volume Edition (2023);Fiction
The Hobbit (2023);Fiction
The Letters of J. R. R. Tolkien (2023);Fiction
The Return of the King (the Lord of the Rings, Book 3) (2022);Fiction
The Two Towers (the Lord of the Rings, Book 2) (2022);Fiction
The History of the Hobbit (2023);Fiction
The Lord of the Rings - Special Edition (2022);Fiction
Happy Ending - The Fisher Brothers #4 (2018);Fiction
Kissing my Co-worker (2021);Fiction
No Bad Days - A New Adult Romance (2017);Fiction
The Game Changer (2020);Fiction
The Ninth Inning (2020);Fiction
Mansfield Park - Jane Austen Classic (annotated) (2021);Fiction
Of Mice and Men (2021);Fiction
Cannery Row (2020);Fiction
Of Mice and Men (2020);Fiction
The Grapes of Wrath (2020);Fiction
Of Mice and Men: Teacher's Deluxe Edition (2013);Fiction
The Grapes of Wrath - 75th Anniversary Edition (2014);Fiction
The Grapes of Wrath 75th Anniversary Edition (Limited edition) (2014);Fiction
The Portable Steinbeck (2012);Fiction
The Long Valley (2022);Fiction
Old Times on the Mississippi (2020);Fiction
On Earth We're Briefly Gorgeous - A Novel (2021);Fiction
On Earth We're Briefly Gorgeous - A Novel (2019);Fiction
The Complete Hard Case Crime Stephen King Collection (2021);Fiction
The Eyes of the Dragon - A Novel (2022);Fiction
The Institute - A Novel (2019);Fiction
The Institute - A Novel (2021);Fiction
The Works of William Shakespeare - Vol. V (2023);Fiction
The Works of William Shakespeare - Vol. V (2024);Fiction
The Works of William Shakespeare - Vol. VI (2024);Fiction
The Works of William Shakespeare - Vol. VII (2024);Fiction
The Works of William Shakespeare. Life, Glossary. Reprinted from the Early Editions and Compared with Recent Commentators - Vol. VI (2024);Fiction
Is This a Dagger Which I See Before Me? (2016);Fiction
The Complete Hard Case Crime Stephen King Collection (2021);Horror
The Eyes of the Dragon - A Novel (2022);Horror
The Institute - A Novel (2019);Horror
The Institute - A Novel (2021);Horror
On Earth We're Briefly Gorgeous - A Novel (2021);Identity
On Earth We're Briefly Gorgeous - A Novel (2019);Identity
Time Is a Mother (2022);Identity
Night Sky with Exit Wounds (2017);Identity
Mickey Mouse Funhouse: Adventures in Dino-Sitting (2023);Juvenile Fiction
My First Disney Classics: A Christmas Carol (2023);Juvenile Fiction
Mickey Mouse Funhouse: Worlds of Fun! - My First Comic Reader! (2024);Juvenile Fiction
Let's Build (2020);Juvenile Fiction
Harry Potter Slytherin House Editions Hardback Box Set (2021);Juvenile Fiction
Harry Potter Slytherin House Editions Paperback Box Set (2022);Juvenile Fiction
The Harry Potter Wizarding Almanac - The Official Magical Companion to J. K. Rowling's Harry Potter Books (2023);Juvenile Fiction
The Tales of Beedle the Bard - Illustrated Edition - A Magical Companion to the Harry Potter Stories (2022);Juvenile Fiction
Harry Potter and the Prisoner of Azkaban (2020);Juvenile Fiction
The Ickabog - A warm and witty fairy-tale adventure to entertain the whole family (2020);Juvenile Fiction
Harry Potter: A Magical Year -- The Illustrations of Jim Kay (2021);Juvenile Fiction
The Christmas Pig (2021);Juvenile Fiction
Let’s Go For a Walk Outside (Super Simple Storybooks) (2023);Juvenile Fiction
My Daddy (Peppa Pig) (2018);Juvenile Fiction
Level Up 2023: An AFK Book (2022);Juvenile Nonfiction
Blue Period 4 (2021);LGBTQ+
Blue Period 5 (2021);LGBTQ+
Blue Period 8 (2022);LGBTQ+
Blue Period 7 (2022);LGBTQ+
The New Oxford Shakespeare: Critical Reference Edition - The Complete Works (2017);Literary Collections
The New Oxford Shakespeare: Modern Critical Edition - The Complete Works (2016);Literary Criticism
One Piece Box Set 4: Dressrosa to Reverie - Volumes 71-90 with Premium (2021);Manga
One Piece Color Walk Compendium: East Blue to Skypiea (2018);Manga
One Piece Color Walk Compendium: New World to Wano (2022);Manga
One Piece, Vol. 95 - Oden's Adventure (2020);Manga
One Piece, Vol. 98 - Vassals Of Glory (2021);Manga
One Piece, Vol. 99 (2022);Manga
One Piece Pirate Recipes (2021);Manga
One Piece, Vol. 96 - I Am Oden, And I Was Born To Boil (2021);Manga
One Piece, Vol. 97 - My Bible (2021);Manga
One Piece, Vol. 99 - Straw Hat Luffy (2022);Manga
Frieren: Beyond Journey's End, Vol. 1 (2021);Manga
Frieren: Beyond Journey’s End, Vol. 2 (2022);Manga
Frieren: Beyond Journey's End, Vol. 3 (2022);Manga
Frieren: Beyond Journey's End, Vol. 4 (2022);Manga
Frieren: Beyond Journey's End, Vol. 5 (2022);Manga
Frieren: Beyond Journey’s End, Vol. 6 (2022);Manga
Frieren: Beyond Journey's End, Vol. 7 (2023);Manga
Yotsuba&!, Vol. 10 (2011);Manga
Yotsuba&!, Vol. 11 (2012);Manga
Yotsuba&!, Vol. 12 (2013);Manga
Yotsuba&!, Vol. 13 (2016);Manga
Yotsuba&!, Vol. 14 (2018);Manga
Skip and Loafer Vol. 6 (2022);Manga
Skip and Loafer Vol. 7 (2023);Manga
Skip and Loafer Vol. 8 (2023);Manga
The Apothecary Diaries 01 (Manga) (2020);Manga
The Apothecary Diaries 02 (Manga) (2021);Manga
Delicious in Dungeon (2017);Manga
Delicious in Dungeon World Guide: The Adventurer's Bible (2022);Manga
Delicious in Dungeon, Vol. 1 (2017);Manga
Delicious in Dungeon, Vol. 3 (2017);Manga
Delicious in Dungeon, Vol. 4 (2018);Manga
Delicious in Dungeon, Vol. 5 (2018);Manga
Delicious in Dungeon, Vol. 6 (2018);Manga
Delicious in Dungeon, Vol. 7 (2019);Manga
Delicious in Dungeon, Vol. 8 (2020);Manga
Delicious in Dungeon, Vol. 9 (2021);Manga
Chainsaw Man Box Set - Includes volumes 1-11 (2023);Manga
Chainsaw Man, Vol. 6 (2021);Manga
Chainsaw Man, Vol. 7 (2021);Manga
Chainsaw Man, Vol. 8 (2021);Manga
Chainsaw Man, Vol. 9 (2022);Manga
Fire Punch, Vol. 5 (2019);Manga
Fire Punch, Vol. 6 (2019);Manga
Fire Punch, Vol. 7 (2019);Manga
Fire Punch, Vol. 8 (2019);Manga
Tatsuki Fujimoto Before Chainsaw Man: 17-21 (2023);Manga
Tatsuki Fujimoto Before Chainsaw Man: 22-26 (2023);Manga
Blue Period 4 (2021);Manga
Blue Period 5 (2021);Manga
Blue Period 8 (2022);Manga
Blue Period 7 (2022);Manga
Dandadan, Vol. 1 (2022);Manga
Dandadan, Vol. 10 (2024);Manga
Dandadan, Vol. 2 (2023);Manga
Dandadan, Vol. 3 (2023);Manga
Dandadan, Vol. 4 (2023);Manga
Dandadan, Vol. 5 (2023);Manga
Dandadan, Vol. 6 (2024);Manga
Dandadan, Vol. 7 (2024);Manga
Dandadan, Vol. 9 (2024);Manga
Cherry Magic! Thirty Years of Virginity Can Make You a Wizard?! 01 (2020);Manga
Cherry Magic! Thirty Years of Virginity Can Make You a Wizard?! 03 (2021);Manga
Cherry Magic! Thirty Years of Virginity Can Make You a Wizard?! 04 (2022);Manga
What Is Man? and Other Essays (2019);Medical
Marple: Twelve New Stories (2022);Mystery & Detective
Midsummer Mysteries - Tales from the Queen of Mystery (2023);Mystery & Detective
The Murder of Roger Ackroyd & The Hollow Bundle (2022);Mystery & Detective
The Clue of the Chocolate Box (2019);Mystery & Detective
The Mysterious Affair at Styles Agatha Christie - Original Ending (2021);Mystery & Detective
Murder - Vintage Minis (2020);Mystery & Detective
The Battle of Maldon - Together with the Homecoming of Beorhtnoth (2023);Poetry
The Collected Poems of J. R. R. Tolkien (2024);Poetry
Time Is a Mother (2022);Poetry
Night Sky with Exit Wounds (2017);Poetry
I, Robot (2018);Robots
The Complete Robot (2018);Robots
I, Robot (2013);Robots
Love, Theoretically (2023);Romance
Love on the Brain (2022);Romance
The Love Hypothesis (2021);Romance
Mansfield Park - Jane Austen Classic (annotated) (2021);Romance
Travels with Charley in Search of America - (Penguin Classics Deluxe Edition) (2012);Travel
Mark Twain, the Globetrotter: Complete Travel Books, Memoirs & Anecdotes (Illustrated Edition) (2024);Travel
Love, Theoretically (2023);Young Adult Fiction
Love on the Brain (2022);Young Adult Fiction
The Love Hypothesis (2021);Young Adult Fiction
The Apothecary Diaries: Volume 10 (Light Novel) (2024);Young Adult Fiction
The Apothecary Diaries: Volume 7 (Light Novel) (2023);Young Adult Fiction
The Apothecary Diaries: Volume 8 (Light Novel) (2023);Young Adult Fiction
The Apothecary Diaries: Volume 9 (Light Novel) (2023);Young Adult Fiction