Category;isHidden
Antiques & Collectibles;false
Architecture;false
Art;false
Bibles;false
Biography & Autobiography;false
Body, Mind & Spirit;false
Business & Economics;false
Comics & Graphic Novels;false
Computers;false
Cooking;false
Crafts & Hobbies;false
Design;false
Drama;false
Education;false
Family & Relationships;false
Fiction;false
Foreign Language Study;false
Games & Activities;false
Gardening;false
Health & Fitness;false
History;false
House & Home;false
Humor;false
Juvenile Fiction;false
Juvenile Nonfiction;false
Language Arts & Disciplines;false
Law;false
Literary Collections;false
Literary Criticism;false
Mathematics;false
Medical;false
Music;false
Nature;false
Performing Arts;false
Pets;false
Philosophy;false
Photography;false
Poetry;false
Political Science;false
Psychology;false
Reference;false
Religion;false
Science;false
Self-Help;false
Social Science;false
Sports & Recreation;false
Study Aids;false
Technology & Engineering;false
Transportation;false
Travel;false
True Crime;false
Animals;false
Mythical;false
Action & Adventure;false
Thriller;false
Romance;false
Horror;false
Light Novel;false
Manga;false
LGBTQ+;false
Mystery & Detective;false
Science Fiction;false
Superheroes;false
Coming Of Age;false
Fairy Tales & Folklore;false
Historical Fiction;false
Psychological;false
Nonfiction;false
Young Adult Fiction;false
Young Adult Nonfiction;false
Robots;false
Fantasy;false
Cowboys;false
Identity;false
Award Winning;false