On Earth We're Briefly Gorgeous - A Novel (2021);29;8.01
The Lord of the Rings Illustrated (2021);3;8.47
The Love Hypothesis (2021);25;6.98
Dandadan, Vol. 5 (2023);9;10.76
Skip and Loafer Vol. 2 (2021);29;6.14
Yotsuba&!, Vol. 14 (2018);8;9.31
Mickey Mouse Funhouse: Worlds of Fun! - My First Comic Reader! (2024);28;7.65
The Complete Robot (2018);5;11.16
The Adventures of Huckleberry Finn - Illustrated (2022);14;7.4
Yotsuba&! (2009);4;6.91
To Kill a Mockingbird: A Graphic Novel - A Graphic Novel (2018);1;6.02
Harry Potter and the Order of the Phoenix - Ravenclaw Edition (2020);30;9.84
East of Eden (2020);2;7.19
Yotsuba&!, Vol. 1 (2011);28;11.67
One Piece Pirate Recipes (2021);4;10.35
Let’s Go For a Walk Outside (Super Simple Storybooks) (2023);5;7.35
The Christmas Pig (2021);19;9.73
Scholastic Success with Writing Grade 5 (2022);24;10.89
The Apothecary Diaries: Volume 7 (Light Novel) (2023);7;7.25
Chainsaw Man, Vol. 1 (2020);21;11.69
The War Of The Ring - The History of the Lord of the Rings, Part Three (2021);19;10.61
The Grapes of Wrath 75th Anniversary Edition (Limited edition) (2014);9;11.3
Chainsaw Man Box Set - Includes volumes 1-11 (2023);16;9.96
Chainsaw Man, Vol. 9 (2022);1;6.89
The History of the Hobbit - One Volume Edition (2023);21;8.59
Magnetism (2024);13;6.25
Yotsuba&! (2016);12;10.59
The Battle of Tull (2019);11;7.27
Billy Summers (2021);21;9.89
The Mysterious Affair at Styles Agatha Christie - Original Ending (2021);27;7.56