phone;name;gender;dateOfBirth;email;address
7713151528;Kiley Whiten;Other;1923-11-10 07:26:10;kwhiten0@sourceforge.net;78 Aberg Hill
6284744403;Othello Gallienne;Male;2012-03-31 10:19:43;ogallienne1@omniture.com;71 Blaine Road
3292896487;Nessi Claris;Other;1959-08-10 08:59:12;nclaris2@businessweek.com;0259 Nova Avenue
6409292251;Madelon Brandsma;Male;1944-03-26 23:50:44;mbrandsma3@friendfeed.com;414 Merry Circle
2791369611;Rhianon Chark;Male;1945-05-24 03:46:39;rchark4@princeton.edu;0918 Westridge Point
3326580509;Shaun Adamsson;Female;1932-07-28 02:23:33;sadamsson5@hp.com;57589 Buena Vista Pass
3829495244;Pip Sailes;Male;1931-09-04 17:00:12;psailes6@weather.com;84584 Kennedy Trail
9359877302;Sharity Dorie;Other;1956-06-30 22:41:02;sdorie7@army.mil;4 Jenna Street
6841135049;Lanny De Blasiis;Other;1989-01-13 15:47:19;lde8@gnu.org;8129 Fairfield Alley
1627882843;Conant Fearenside;Male;1946-02-03 06:18:24;cfearenside9@ustream.tv;22530 Scofield Center
1473520611;Karoly Swindall;Female;1908-03-29 14:15:35;kswindalla@msu.edu;10010 Dawn Circle
7242269751;Tawsha Linguard;Female;2000-09-03 07:27:02;tlinguardb@ucoz.ru;5 Melby Hill
2535578351;Nancie Casari;Other;1943-01-19 23:30:19;ncasaric@jigsy.com;59 Columbus Point
8898109372;Kelly Briamo;Other;1929-10-19 21:44:42;kbriamod@baidu.com;142 Walton Street
6856879711;Eben Stealey;Male;2010-06-27 01:23:45;estealeye@behance.net;20357 Golf View Park
9597442067;Lexie Muckart;Male;1945-03-14 11:32:55;lmuckartf@cornell.edu;937 School Trail
7057175354;Sarge Kellog;Female;1928-02-06 03:56:58;skellogg@youtube.com;129 Lindbergh Street
2436623893;Vern Jeannon;Other;1996-05-22 22:37:58;;38 Truax Junction
1584374727;Paolina Braghini;Male;1967-02-12 16:42:36;pbraghinii@washingtonpost.com;7950 Walton Trail
5993181785;Kaye Fadian;Male;1949-05-28 20:15:47;kfadianj@umn.edu;0013 Lukken Hill
4772838596;Merlina Meus;Female;1927-12-08 00:54:11;mmeusk@nyu.edu;
1167932891;Darya Hanstock;Female;1998-11-07 23:53:02;dhanstockl@mapquest.com;52 Fair Oaks Drive
4705319148;Andeee Habbijam;Other;1969-07-06 19:03:48;ahabbijamm@mit.edu;199 Schlimgen Plaza
1698945549;Cy Frood;Other;1935-03-22 05:58:20;;
5142384302;Kaitlyn Evanson;Female;2006-05-14 11:23:54;kevansono@hugedomains.com;056 Reinke Street
6003877993;Cordie Hassell;Female;1945-01-27 07:21:03;chassellp@lulu.com;4 Heath Junction
9227968097;Cherilynn Melliard;Other;1915-08-07 07:13:07;;630 Walton Alley
6781342970;Goldi Isacoff;Female;1936-10-24 22:45:44;;
1681620464;Linn Ledbetter;Other;1995-08-15 04:09:20;lledbetters@topsy.com;09 Bunker Hill Street
8064966486;Jennifer Furtado;Female;1925-07-01 03:29:46;;0 Monterey Plaza
2617408892;Garvey Nacci;Female;1905-08-03 17:22:11;gnacciu@deviantart.com;30 Paget Junction
4263054504;Frannie Daingerfield;Male;2010-08-12 16:07:39;fdaingerfieldv@free.fr;572 Kennedy Hill
7422663346;Letitia Spreckley;Female;1997-08-25 19:36:21;lspreckleyw@walmart.com;540 Briar Crest Trail
2302336143;Filippo Jervois;Male;1925-06-11 13:11:40;fjervoisx@bing.com;
1414336562;Gwenette Heine;Other;1971-10-23 14:08:22;gheiney@posterous.com;29 Novick Terrace
2517351141;Fanni Ibbetson;Female;1931-06-26 20:14:56;fibbetsonz@4shared.com;
7163275698;Birgitta Scullin;Male;1934-06-03 17:36:21;bscullin10@sphinn.com;1306 John Wall Drive
9457163635;Lyle Ruddoch;Female;1957-07-10 19:01:11;lruddoch11@fema.gov;001 Onsgard Center
5686455921;Aldo Primett;Other;1994-01-20 12:53:03;aprimett12@scribd.com;7 Moland Lane
7627206522;Bordy Boylund;Male;1963-08-15 06:29:39;;9 Lunder Alley
7778272150;Linette Duckerin;Other;1973-11-13 20:03:47;;8 Waywood Drive
1708901033;Irene Fountaine;Other;2005-12-16 08:40:02;ifountaine15@youku.com;67712 Gale Road
1372571699;Blondy Cridlan;Other;2012-07-20 12:35:26;bcridlan16@washington.edu;900 Schlimgen Circle
9148109088;Selby Grunson;Female;1919-06-11 12:32:15;sgrunson17@is.gd;1 Pearson Court
8387056476;Delinda Haggidon;Female;1926-01-31 18:19:40;;6694 Namekagon Trail
7776562967;Neill Van Zon;Female;1923-07-28 18:31:03;nvan19@about.com;66523 Riverside Crossing
6055585968;Renard Golding;Other;1917-05-18 11:30:05;rgolding1a@who.int;
1704779318;Reinald Bonner;Female;2004-07-23 14:31:44;rbonner1b@liveinternet.ru;710 Sachtjen Place
1118236572;Ricard Covely;Female;1909-08-07 13:14:56;rcovely1c@last.fm;12903 Oneill Crossing
6938347926;Kenneth Spinetti;Female;1977-03-06 16:17:52;kspinetti1d@amazon.de;
2199577012;Ebony McAllan;Other;1964-12-10 20:43:59;emcallan1e@instagram.com;930 Norway Maple Trail
6243511857;Shem Grocock;Male;1988-06-20 13:31:03;sgrocock1f@i2i.jp;44297 Express Trail
3549914525;Keen Sherwell;Female;1915-02-14 09:44:54;ksherwell1g@google.co.jp;
5694842874;Moreen Stangoe;Other;1910-01-19 01:01:49;mstangoe1h@creativecommons.org;8 Sunfield Hill
2867202696;Desirae Jacmard;Male;1972-11-25 11:31:58;djacmard1i@ca.gov;9471 Holy Cross Street
5836397693;Rice MacKim;Other;1905-04-28 03:09:43;rmackim1j@newyorker.com;13816 Forest Run Point
3303622409;Adella Pooke;Female;1997-07-21 22:01:46;apooke1k@squarespace.com;14 Waywood Parkway
3994714203;Wallis Windybank;Other;1995-01-03 15:06:50;wwindybank1l@earthlink.net;7928 Kim Crossing
9259336872;Roderick Tuvey;Male;1997-09-22 21:09:36;rtuvey1m@lycos.com;19518 Bunting Way
1047733639;Salvatore Jurges;Other;1955-12-07 01:42:12;sjurges1n@yellowbook.com;8863 Hansons Plaza
5274034970;Lanny Maybey;Other;1984-08-18 21:46:32;;03 Loeprich Pass
4921504479;Ursuline Stanger;Female;1940-12-09 23:28:49;ustanger1p@umn.edu;65769 Bashford Park
9522860642;Wynne O'Giany;Male;1976-06-25 01:18:05;wogiany1q@purevolume.com;9351 2nd Center
7717211940;Philis Wigfield;Male;2012-06-28 06:45:57;pwigfield1r@sina.com.cn;9 Ridge Oak Street
8654171721;Binni Lougheid;Other;1988-10-29 20:27:45;blougheid1s@rambler.ru;6 Moulton Place
6302972682;Keene Ayer;Other;1918-10-11 11:53:48;kayer1t@skyrock.com;26 John Wall Drive
1668159931;Ingaberg Sheards;Male;2008-08-14 02:59:35;isheards1u@fda.gov;42164 Huxley Terrace
4909514412;Anneliese Lere;Other;1918-10-21 22:35:00;alere1v@nps.gov;380 Carberry Lane
9238985205;Gipsy Yitshak;Other;1938-09-24 05:10:33;gyitshak1w@cargocollective.com;1697 Dakota Way
8441405379;Bride Ekless;Male;1934-09-23 07:57:44;bekless1x@skype.com;
5599178475;Harriott Camm;Male;1945-12-07 10:17:18;hcamm1y@weebly.com;978 Golden Leaf Crossing
8686204678;Halley Sampson;Female;1969-12-30 10:22:24;hsampson1z@spotify.com;5674 Claremont Place
3667385070;Connie Windrus;Female;1944-03-06 09:00:34;cwindrus20@deliciousdays.com;28 Kipling Way
7556394244;Shelly Drivers;Female;1977-04-14 17:27:00;sdrivers21@4shared.com;891 Lakewood Road
1032414643;Hallie Ragsdall;Female;1944-09-18 04:47:30;hragsdall22@amazon.de;0657 Melody Trail
2215448895;Charmion Crowdace;Male;1960-09-17 17:01:03;ccrowdace23@vimeo.com;1 Meadow Valley Center
3695765518;Joell Robley;Male;1959-01-03 13:10:50;jrobley24@netscape.com;33 Dorton Way
6256333599;Bennie Fashion;Female;1949-05-11 14:10:30;bfashion25@gov.uk;41340 Anniversary Plaza
9433273789;Sully Simioli;Female;1940-07-30 16:16:40;ssimioli26@hexun.com;05 Rusk Lane
2993294329;Andris Musselwhite;Female;1947-10-29 00:11:54;amusselwhite27@163.com;
2774675420;Marlie Woolf;Other;2001-07-27 17:36:57;mwoolf28@google.pl;4394 Hoard Terrace
6276125869;Niels Horrigan;Male;1951-05-24 03:53:45;nhorrigan29@blogs.com;73 Eagan Lane
4522856486;Hailee Ford;Other;1938-12-24 19:49:30;hford2a@gravatar.com;914 Loftsgordon Terrace
2145292333;Chiquita Gavey;Other;1954-10-11 18:58:55;;736 Novick Pass
3084107412;Kali Mundie;Other;1948-03-16 16:18:41;;6 Lighthouse Bay Court
8707808415;Kit Coit;Female;1927-10-23 23:36:39;kcoit2d@bigcartel.com;5259 Lukken Park
7878014659;Fabien Kintzel;Other;1907-08-21 12:20:05;fkintzel2e@ezinearticles.com;8 Mifflin Center
5649565715;Tabor Fibbens;Other;1929-01-04 17:59:56;tfibbens2f@noaa.gov;966 Mayer Hill
7396086043;Beverlee Ayrton;Male;1974-01-24 10:59:41;bayrton2g@cnn.com;03005 Twin Pines Road
6891978941;Cherise Knightly;Other;1970-10-29 20:40:28;cknightly2h@ted.com;812 Colorado Street
5617047420;Otha Zywicki;Male;1921-08-15 19:39:17;ozywicki2i@indiatimes.com;08623 Columbus Pass
9271999112;Karlie Lafoy;Female;1978-10-11 01:44:17;klafoy2j@oaic.gov.au;12 Marcy Lane
6003763560;Gary Divina;Male;1977-08-18 09:17:47;gdivina2k@ucsd.edu;2220 Oriole Park
7934532723;Madeline Forder;Other;2000-01-26 00:31:05;;1 Monica Point
5226532685;Grethel Stennet;Other;1914-07-15 14:04:52;gstennet2m@scribd.com;
2427659866;Erie Tellett;Other;1915-02-24 00:27:23;etellett2n@merriam-webster.com;21 Artisan Road
1855670781;Kory Heads;Male;1988-07-15 16:47:51;kheads2o@scribd.com;92 Kings Road
1416866188;Uta Barczynski;Other;1902-07-21 09:45:05;ubarczynski2p@github.io;74 Hanson Avenue
6548214616;Indira Peascod;Male;1904-08-24 15:12:40;ipeascod2q@ebay.co.uk;6 Spohn Hill
4719947069;Phillipp Line;Other;1953-04-20 21:15:22;;0137 Londonderry Point
4776054649;Rowney Janicek;Male;2005-05-31 21:22:08;rjanicek2s@etsy.com;4817 Sutherland Parkway
4937006194;Cort Bingley;Female;1920-12-18 21:27:32;cbingley2t@uiuc.edu;95 Waubesa Park
9852852992;Calvin Macias;Female;2007-06-18 04:44:51;cmacias2u@indiatimes.com;129 Hagan Parkway
9963879986;Zaria Meynell;Male;1988-08-26 16:51:43;zmeynell2v@opensource.org;78 Clove Alley
7992910355;Janean Tunny;Male;1910-08-29 11:57:36;jtunny2w@xinhuanet.com;91770 Shoshone Plaza
5484131697;Enrica Petersen;Female;1926-02-19 05:34:00;epetersen2x@foxnews.com;47437 Holy Cross Terrace
8809159208;Pyotr Behan;Female;1932-06-15 05:30:10;pbehan2y@ask.com;726 Bluestem Terrace
4472962923;Deena Keeting;Male;2008-01-14 10:41:16;dkeeting2z@issuu.com;1 Mifflin Avenue
1007773828;Adrian Mufford;Other;1911-08-31 12:05:25;amufford30@studiopress.com;9 Oxford Pass
4314068669;Greer Hopfer;Other;1931-05-27 18:31:31;ghopfer31@twitpic.com;366 Hintze Alley
1008811621;Tudor Whewell;Female;1977-07-22 10:08:36;;88 Summit Pass
9239146043;Erma Rains;Female;1912-07-01 13:41:45;erains33@plala.or.jp;19026 Hoard Circle
8172011408;Brittany Yoselevitch;Other;2012-06-09 08:08:24;byoselevitch34@blogs.com;2 Farragut Park
3715804441;Dasya Pinchon;Other;1910-02-09 10:41:39;dpinchon35@mac.com;94049 Corben Place
9606382856;Brena Millis;Female;1919-05-15 17:18:29;bmillis36@bloglines.com;
1374696690;Tansy Kenrick;Female;1931-05-02 19:09:15;tkenrick37@google.it;56 Paget Court
8944422859;Gerrie Hallibone;Male;1926-03-04 03:27:43;ghallibone38@about.me;056 Glacier Hill Terrace
8406012377;Malynda Dorney;Male;1953-11-06 21:12:46;mdorney39@prweb.com;104 Pennsylvania Pass
4786600626;Kyla Eadington;Male;1994-12-21 14:08:38;keadington3a@businessweek.com;91 Stoughton Parkway
1874632070;Matt Rudwell;Male;1970-03-20 00:16:34;mrudwell3b@eepurl.com;8776 Kedzie Road
5933719341;Aurore Corkill;Male;2014-09-03 00:50:37;acorkill3c@gizmodo.com;71 Fallview Drive
6302677199;Gardy Tatters;Other;1959-10-09 23:12:00;gtatters3d@zdnet.com;2817 Esker Park
2599686986;Tyne Wildgoose;Other;1942-09-05 15:46:16;twildgoose3e@globo.com;63338 Bonner Crossing
5521207606;Cris Wilkinson;Other;1909-10-06 04:48:48;cwilkinson3f@zimbio.com;91649 Ridgeview Place
4261620935;Remy Albone;Other;2000-08-02 10:24:02;ralbone3g@fotki.com;32913 Randy Trail
5284326519;Athene Wolseley;Other;1926-03-21 09:15:10;awolseley3h@networksolutions.com;9 4th Trail
9149819736;Violetta Ambrogelli;Other;1966-10-23 03:22:48;vambrogelli3i@ucoz.com;3 Everett Place
5464238634;Gib Bruyns;Other;1942-11-02 09:41:23;gbruyns3j@tripadvisor.com;42508 Russell Lane
7237711624;Cherice Kerkham;Male;1949-07-13 16:02:35;ckerkham3k@webeden.co.uk;9 Kedzie Court
4455137258;Normand Aikenhead;Other;2009-04-06 10:42:16;naikenhead3l@nationalgeographic.com;
5016324286;Marika Featley;Other;1903-01-06 13:13:40;mfeatley3m@bloomberg.com;06 Westerfield Road
8017836832;Mirilla Pottiphar;Other;1977-03-12 20:43:13;mpottiphar3n@yale.edu;42290 Duke Court
6752212997;Scotty Lodovichi;Male;1948-06-17 13:00:39;slodovichi3o@netscape.com;28944 Boyd Street
1006271857;Nissie Barnewelle;Female;1919-09-27 03:31:24;nbarnewelle3p@paginegialle.it;38808 Esker Terrace
7831723267;Mano Pate;Male;2009-12-10 21:44:36;mpate3q@spiegel.de;84 Huxley Hill
3029381760;Daniel Sherwin;Male;1926-08-02 20:26:16;dsherwin3r@paypal.com;75 Erie Junction
2336204024;Horten Okker;Female;2000-09-12 21:21:20;hokker3s@oaic.gov.au;6 Carberry Junction
3679780740;Deck Grimbleby;Male;1948-06-25 15:14:11;;
7333903243;Pavlov Styant;Male;1915-08-31 03:22:06;pstyant3u@cnn.com;90 Porter Park
9739669682;Bettye Spaducci;Other;1929-02-24 21:37:45;bspaducci3v@posterous.com;5 Montana Lane
9806295376;Nico Mingard;Female;1911-07-27 00:11:32;nmingard3w@addtoany.com;4006 Oriole Circle
8417559200;Cate Hurndall;Other;1958-09-14 00:31:31;churndall3x@nba.com;92 Cherokee Street
8532456724;Galina Strode;Other;1952-06-20 19:26:25;gstrode3y@canalblog.com;16 Golden Leaf Street
9173438688;Ariel Sandys;Male;1912-04-17 22:23:08;asandys3z@ustream.tv;217 Judy Pass
9921934101;Dalia Titlow;Other;1907-12-14 14:31:34;dtitlow40@dagondesign.com;4 Heffernan Parkway
7263461272;Anton Pattemore;Other;1907-10-30 20:23:37;apattemore41@economist.com;17620 Magdeline Road
8072643042;Celestine Collihole;Other;1957-09-13 19:31:58;ccollihole42@usa.gov;5133 Lake View Street
5185333083;Averill Drewson;Male;1908-05-31 23:17:17;adrewson43@list-manage.com;319 Dennis Place
9559191013;Itch Bleier;Other;1929-12-30 21:36:40;ibleier44@cisco.com;5 Moland Circle
8342614031;Clerissa Navarro;Female;1923-10-14 22:28:43;cnavarro45@alexa.com;5843 Farragut Hill
6236288137;Stanford Quernel;Male;1942-05-13 22:44:53;;41 Myrtle Place
4317644145;Munmro Livingstone;Female;1931-04-22 07:25:16;mlivingstone47@prweb.com;717 Gina Terrace
8411774758;Esdras Pawle;Male;1911-07-15 18:32:49;epawle48@upenn.edu;335 Hazelcrest Circle
6657259352;Bone Fernan;Other;1944-01-22 10:24:54;;6 Elka Plaza
8631851224;Caye Rillett;Other;1961-03-20 09:16:40;crillett4a@booking.com;9 3rd Parkway
4245186644;Janelle Crabtree;Other;1906-05-29 08:37:24;;04407 Warrior Center
8886257399;Sharla Priddle;Female;1915-05-30 22:56:40;spriddle4c@cdc.gov;86055 Lighthouse Bay Street
6868971864;Hazel Boncore;Male;1916-07-18 12:08:14;hboncore4d@huffingtonpost.com;2 Ryan Avenue
5336644563;Rickie Hayfield;Female;1990-03-23 21:10:29;rhayfield4e@xing.com;0346 Ridgeway Park
5539342593;Analise Whitemarsh;Other;1939-04-16 07:34:47;awhitemarsh4f@discovery.com;8114 Eastlawn Junction
4392827553;Annabel Bradburn;Female;2002-04-21 22:23:46;abradburn4g@cafepress.com;2 Anniversary Crossing
3123018823;Constantino Hearn;Male;1937-01-11 23:12:46;chearn4h@va.gov;7 7th Hill
3082543020;Florenza Oultram;Female;1902-09-14 10:33:14;foultram4i@scribd.com;30 Dorton Crossing
2478660716;Aguie De Cristofalo;Female;1951-03-04 19:25:14;ade4j@pagesperso-orange.fr;50 Fisk Court
3447634226;Danit Carwardine;Other;1915-07-22 22:10:46;dcarwardine4k@flavors.me;5 Dayton Way
8146008846;Kimmie Sawney;Female;1908-11-04 18:29:45;ksawney4l@yolasite.com;572 North Alley
3782335575;Bondy Chapelle;Male;1979-12-19 14:37:10;bchapelle4m@wiley.com;377 Harper Pass
9788349372;Marlane Steuhlmeyer;Other;1997-11-14 02:29:15;msteuhlmeyer4n@uiuc.edu;1671 Warrior Crossing
7813406819;Nancy Rollo;Female;1959-01-17 11:54:17;nrollo4o@drupal.org;628 Lindbergh Hill
1861824778;Wes Weippert;Other;1974-09-19 23:29:39;wweippert4p@narod.ru;45 Manufacturers Pass
8569372394;Lydon Adams;Male;2014-12-12 23:07:45;ladams4q@utexas.edu;0360 Basil Place
5225144423;Alanson Dowsett;Other;1969-02-17 00:37:54;adowsett4r@sina.com.cn;346 Weeping Birch Trail
7676077276;Shurlock Walbrook;Female;1974-02-08 16:11:52;swalbrook4s@samsung.com;252 Dunning Alley
4092271201;Harlen O' Faherty;Other;1923-07-05 20:42:10;ho4t@sakura.ne.jp;0805 Corscot Point
4147151632;Vivian Polglase;Male;1990-02-17 20:55:51;vpolglase4u@unblog.fr;5370 Jenifer Street
3782108000;Taddeusz Maberley;Other;1908-10-15 09:52:47;tmaberley4v@prlog.org;8 Dixon Plaza
1176278513;Kalie Spalding;Female;1916-05-12 21:04:43;kspalding4w@tuttocitta.it;635 Nancy Center
8101884200;Gary Dearnly;Female;1925-02-26 13:55:24;gdearnly4x@newsvine.com;
9275889923;Yul Digges;Female;1977-10-25 21:18:12;ydigges4y@edublogs.org;60 Clemons Drive
8047267009;Oran Sedgwick;Other;1973-01-29 17:28:24;osedgwick4z@scribd.com;46 Golden Leaf Place
5138463983;Lynnette Wyles;Female;1953-12-18 04:58:00;lwyles50@jugem.jp;8 Prentice Circle
4074420062;Josephine Dines;Other;1913-01-02 08:22:04;jdines51@nasa.gov;
2034502279;Dore Popplewell;Other;1968-08-19 21:12:21;dpopplewell52@paginegialle.it;3 Mesta Alley
9179096130;Windham Odd;Male;2013-07-05 11:31:52;wodd53@dot.gov;9018 Canary Circle
8871541393;Robb MacClure;Female;1971-11-22 01:36:58;rmacclure54@ted.com;402 Mallory Street
2828443852;Rowan Simonazzi;Female;1921-01-26 01:01:23;rsimonazzi55@whitehouse.gov;
8955512685;Bobette Outridge;Female;2011-08-30 09:25:54;boutridge56@devhub.com;40298 Jenna Pass
2162848506;Romeo Matusov;Female;2007-04-20 08:58:54;;9664 Marquette Way
2878956282;Tori Reboul;Female;1996-06-19 03:56:19;treboul58@hp.com;75 Cottonwood Lane
5884652980;Estevan Thornley;Female;1947-05-25 13:58:10;;274 Lighthouse Bay Terrace
9084186693;Thaine Hardson;Other;1929-01-12 15:24:19;thardson5a@feedburner.com;1861 Merrick Drive
5024179183;Daphene McKnockiter;Female;1912-07-20 06:57:37;dmcknockiter5b@yahoo.com;5190 Forest Run Parkway
8274680791;Micky Podd;Female;1998-05-24 00:10:44;mpodd5c@icio.us;351 Eastlawn Crossing
6612449151;Serge Brenneke;Other;1940-07-23 00:12:42;sbrenneke5d@so-net.ne.jp;
9016288402;Jolee Tirte;Female;1971-05-04 07:54:50;jtirte5e@people.com.cn;3964 Messerschmidt Way
6441400319;Reina Nickless;Other;1931-08-26 23:32:46;rnickless5f@topsy.com;027 Jackson Drive
5978590944;Netta Bladge;Other;1918-09-06 00:46:07;nbladge5g@admin.ch;
1939518702;Darnall Sunman;Female;1926-02-06 05:53:06;dsunman5h@xinhuanet.com;9639 Cascade Lane
2153540706;Jan Thandi;Female;1934-12-07 21:49:57;;30 Trailsway Park
7183935975;Merola Bernat;Female;1995-03-20 23:58:34;mbernat5j@cmu.edu;8 Forest Dale Trail
3242910413;Mufinella Janda;Male;1929-12-21 07:15:47;mjanda5k@wikimedia.org;06 Vahlen Trail
5871465324;Bronnie Jorgesen;Other;1917-11-20 22:32:01;bjorgesen5l@foxnews.com;8 Kenwood Place
6777810239;Linnea Sember;Other;1983-02-06 06:25:44;lsember5m@google.it;70 Walton Alley
5508082447;Guillermo Vakhrushin;Female;2008-07-02 08:24:03;gvakhrushin5n@berkeley.edu;588 Schurz Trail
4625034415;Sande Lantiffe;Other;1926-03-23 17:00:54;slantiffe5o@instagram.com;8 Arrowood Place
9947581616;Blake Pallis;Other;2009-11-24 19:04:05;bpallis5p@va.gov;35901 Iowa Drive
2594382829;Joey Kuhl;Male;1951-05-09 19:20:27;jkuhl5q@ocn.ne.jp;441 Arrowood Plaza
8941601090;Amelita Gething;Other;2014-02-24 06:15:41;agething5r@seattletimes.com;575 Spaight Road
3051085840;Shena Royce;Other;2002-04-10 04:06:32;;30640 Warner Point
4832862999;Pip Pinching;Other;1902-01-31 02:34:02;ppinching5t@nydailynews.com;8138 Stephen Avenue
6541848393;Lexine Carlon;Female;1928-07-12 09:49:26;lcarlon5u@netvibes.com;80364 Pawling Plaza
2296784962;Lauryn Claypool;Female;1956-01-27 19:18:55;lclaypool5v@newyorker.com;1 Northview Park
9181046817;Pincas Peealess;Female;1906-02-07 22:30:23;ppeealess5w@clickbank.net;89 Veith Crossing
4532035801;Wynny Dalzell;Other;2007-07-14 11:12:20;wdalzell5x@elegantthemes.com;0964 Aberg Junction
2615538773;Ethan Espadater;Female;1923-03-03 06:10:07;eespadater5y@opensource.org;830 Pawling Drive
2017430908;Brigitte Amesbury;Female;1967-11-06 00:11:27;bamesbury5z@cbslocal.com;472 Erie Crossing
1898715684;Bealle Drieu;Other;1924-09-20 21:21:48;bdrieu60@pagesperso-orange.fr;7324 Twin Pines Crossing
9324736346;Josee Bench;Female;1946-01-21 15:48:35;jbench61@google.ca;1584 Prentice Way
6755312650;Zita Pallent;Male;1900-12-19 14:41:09;zpallent62@weather.com;8491 Darwin Street
6927843422;Viv Sparshott;Female;1973-01-14 08:07:00;vsparshott63@weibo.com;38951 Paget Terrace
2352154198;Garwin Steedman;Female;1998-03-22 04:25:40;gsteedman64@storify.com;20026 Fallview Drive
7331022112;Goldina McGloin;Other;1917-04-11 18:14:00;gmcgloin65@time.com;5 Fulton Trail
7086990389;Hadleigh Bengall;Female;1939-09-25 09:10:08;hbengall66@canalblog.com;5 Ohio Junction
9988710034;Stanley Sheahan;Other;1943-12-23 23:59:58;ssheahan67@themeforest.net;663 Shelley Street
9653943510;Thatch Vischi;Other;1940-08-13 19:13:10;tvischi68@usnews.com;1980 Moose Point
5779753911;Verine Hubbert;Male;1962-03-28 01:38:14;vhubbert69@umich.edu;795 Iowa Way
3733217290;Park Hintzer;Other;1988-11-08 22:27:02;phintzer6a@mapquest.com;3049 Arizona Lane
2015966544;Suzie Brimson;Other;1991-11-20 03:24:55;sbrimson6b@hubpages.com;8454 Maywood Trail
7219543770;Randy Teggin;Male;1940-08-30 10:19:16;rteggin6c@biblegateway.com;7 Golf Terrace
7723874598;Hayyim Mattea;Female;1971-03-18 02:42:55;hmattea6d@dmoz.org;
9535824887;Francis Shane;Other;1912-03-24 02:30:10;;09 Myrtle Terrace
1245801738;Lindy Fryers;Male;1944-08-06 02:23:55;lfryers6f@ibm.com;11 Carey Avenue
3777196128;Ferdinande Jumel;Male;1972-03-28 05:35:18;fjumel6g@earthlink.net;7476 Hanover Plaza
8335995003;Giusto Mochan;Male;1911-12-17 23:47:12;gmochan6h@lulu.com;2907 Melrose Park
2527244213;Deanne Linley;Other;1968-02-12 05:00:40;dlinley6i@netlog.com;007 Morning Drive
3667136627;Alikee Tiernan;Female;1916-02-03 23:51:05;atiernan6j@youtu.be;73 Meadow Valley Center
4795245314;Eilis Penni;Other;1955-10-26 08:43:17;epenni6k@earthlink.net;0520 Stone Corner Junction
1327739859;Renee Mosdall;Male;1965-10-26 04:18:07;rmosdall6l@taobao.com;8 Macpherson Court
8476800056;Fernandina Treadwell;Female;2011-11-15 17:41:16;ftreadwell6m@github.com;515 Oak Trail
3941351518;Dana Elcombe;Other;1990-09-11 09:11:18;delcombe6n@dion.ne.jp;6 Nova Crossing
7313211083;Brandea Khosa;Female;1905-02-01 00:09:45;bkhosa6o@berkeley.edu;84 Pierstorff Parkway
4066875361;Margarita Tidgewell;Female;1940-01-27 18:40:38;mtidgewell6p@soundcloud.com;524 Old Gate Parkway
1147293816;Tabina Rimer;Male;1915-01-12 20:42:53;trimer6q@scribd.com;9852 Dawn Way
5431863714;Ermanno Levy;Male;1916-09-01 01:27:44;elevy6r@earthlink.net;7 Sundown Drive
3053421690;Lida Josephsen;Male;1941-05-02 01:44:27;ljosephsen6s@goo.ne.jp;53 Butterfield Parkway
7679916143;Falkner Clinning;Other;1930-12-18 22:58:54;fclinning6t@livejournal.com;1084 Blackbird Trail
4528545110;Guglielmo Osmint;Male;1911-11-06 14:32:40;;74339 Charing Cross Plaza
2237856659;Sherill Doutch;Male;1944-06-16 09:08:27;;1 Moulton Avenue
8601227050;Travers Leak;Female;1947-04-20 12:52:53;tleak6w@constantcontact.com;
8446463943;Malorie Hosier;Female;1968-07-31 21:29:01;mhosier6x@ow.ly;534 Arapahoe Avenue
3957719419;Marguerite Garmons;Other;2011-11-27 17:29:06;;1 Merry Point
7923989596;Lezley Bantock;Other;1970-01-23 19:31:37;lbantock6z@myspace.com;
6048065230;Benedetto Sillett;Other;2002-03-16 22:06:42;bsillett70@constantcontact.com;7 Declaration Lane
6153373373;Ricardo Abramov;Male;1948-06-09 04:51:01;rabramov71@multiply.com;29 Grover Circle
3235782314;Bettina Pietrusiak;Other;1910-04-17 10:33:04;bpietrusiak72@bloglovin.com;572 Sachs Street
5698266423;Stefania Slym;Female;1974-06-11 04:41:44;;3220 Park Meadow Road
4225985770;Alexi Knudsen;Male;1944-04-16 15:14:36;aknudsen74@sogou.com;3049 Briar Crest Court
8099881182;Gloriana Heed;Female;1907-08-17 12:31:09;gheed75@smh.com.au;907 Huxley Point
1474503234;Kalindi Tartt;Female;1951-08-25 20:11:01;ktartt76@cpanel.net;635 Arapahoe Terrace
1766362161;Jobey Gorey;Male;1962-05-28 21:42:32;jgorey77@umich.edu;6047 Starling Street
1217747133;Nathanial Palk;Male;1914-03-15 06:48:58;npalk78@businesswire.com;27722 Cordelia Plaza
3532375839;Bruno Solon;Male;1923-03-17 01:32:06;bsolon79@t-online.de;
8343117680;Penny Lincey;Female;1980-02-06 01:32:01;plincey7a@cloudflare.com;3 Merrick Place
4939264129;Heywood Toller;Male;1909-10-11 19:08:13;htoller7b@ask.com;59837 Tennessee Point
7726790292;Fallon Fayerbrother;Female;1980-11-12 09:47:25;ffayerbrother7c@nps.gov;56320 Colorado Alley
5034172089;Deanne Szwandt;Female;1963-03-06 16:26:56;dszwandt7d@hexun.com;2722 Elmside Lane
4739212058;Gustie Rubinchik;Other;1961-07-21 21:00:53;grubinchik7e@huffingtonpost.com;6 Butternut Place
2756328523;Silvanus Gaspar;Other;1935-05-23 18:11:27;sgaspar7f@google.ru;47507 Park Meadow Alley
3049714891;Kimberlee Rounsefell;Male;1990-02-22 02:07:26;krounsefell7g@prnewswire.com;7 Dunning Park
6896079478;Celie Clendennen;Other;1966-04-12 01:04:53;cclendennen7h@51.la;6585 Farmco Point
8973146894;Franklyn Somersett;Female;1992-11-10 13:26:29;fsomersett7i@gov.uk;
4304601134;Kayley Shayler;Other;1954-02-18 13:58:45;kshayler7j@twitpic.com;
5398825662;Olin Nairn;Other;1925-06-10 07:27:36;onairn7k@mapy.cz;
7847388896;Bax MacNamee;Female;1938-12-02 22:01:14;bmacnamee7l@about.me;3 Susan Terrace
3482884226;Joeann McDoual;Other;1920-01-09 05:29:11;jmcdoual7m@zdnet.com;019 Northview Road
9676146014;Koren Jeanneau;Male;1992-04-05 23:36:14;kjeanneau7n@china.com.cn;285 La Follette Alley
9639686044;Lorrayne Garrelts;Male;1927-04-22 00:09:38;lgarrelts7o@va.gov;0 Fieldstone Plaza
6509143133;Jeremias Windley;Other;1937-01-17 22:30:59;jwindley7p@marketwatch.com;0842 Fairfield Way
2788773435;Hailee Guitton;Other;2005-10-23 17:13:25;hguitton7q@sciencedirect.com;1584 East Lane
5732509937;Teresa Itzkovici;Male;1979-02-06 23:15:51;titzkovici7r@jalbum.net;42 John Wall Lane
5679857231;Judas Tarbet;Other;2008-01-20 19:33:49;jtarbet7s@comsenz.com;866 Hayes Terrace
7715615041;Stevena Baudou;Female;2011-03-31 00:27:41;sbaudou7t@technorati.com;8672 Prairieview Circle
9158200339;Paloma Cicconettii;Female;1967-01-08 22:07:36;pcicconettii7u@usgs.gov;14814 Forster Park
3917469261;Tally Bransdon;Female;1923-04-16 07:37:54;;05 Dwight Drive
6661414814;Eugenius Blunt;Other;1910-08-26 05:18:15;eblunt7w@house.gov;34 Butternut Way
1638308382;Leonerd Bannell;Male;1922-05-11 20:02:50;lbannell7x@google.ru;1 Sauthoff Crossing
3588229260;Adelaida Durrell;Male;1958-09-22 05:18:33;adurrell7y@google.com.hk;6 Clove Street
4818156972;Berty Grandison;Male;1998-01-10 11:25:11;bgrandison7z@umich.edu;44 Sommers Parkway
4121390934;Ulises Schmuhl;Other;1963-09-20 09:25:40;;5325 Maryland Pass
2097882274;Willi Elgee;Other;1992-03-27 10:15:47;;494 Sommers Road
7529606476;Wylie Lebell;Female;1938-05-10 16:22:08;wlebell82@spotify.com;9 Farmco Court
9001313414;Audie Folini;Other;2001-07-15 07:20:01;afolini83@homestead.com;834 Stoughton Center
7066491251;Parker Gudgion;Male;1985-08-01 03:19:59;pgudgion84@ted.com;36 David Alley
1641892668;Melita Cockshott;Other;1951-01-07 11:39:17;mcockshott85@youtube.com;1 Maple Wood Hill
7509858596;Herby Mazzilli;Male;2005-06-22 08:06:35;hmazzilli86@google.ca;2357 Rutledge Pass
2337726455;Lewiss Dabnot;Other;2008-03-05 05:39:19;;1936 Porter Alley
4999124091;Brittni Sigsworth;Female;1999-11-13 09:49:48;bsigsworth88@unblog.fr;58481 Springview Alley
4743284875;Kary Deboy;Female;2014-11-30 00:46:55;kdeboy89@ucoz.ru;7893 Longview Plaza
3298332684;Adriana Brooks;Male;1976-03-16 11:54:08;abrooks8a@indiatimes.com;03293 East Place
6874406918;Martin McIntosh;Other;1998-04-28 11:25:47;mmcintosh8b@utexas.edu;638 Lawn Parkway
9687343103;Suzy Prinne;Other;1937-07-07 08:53:46;;3 Holy Cross Park
2669017860;Chev Aberdalgy;Female;1922-06-03 10:42:07;caberdalgy8d@amazon.com;74 Service Way
5257987364;Ernst Serrels;Other;1939-11-23 12:55:30;eserrels8e@nsw.gov.au;1805 Roxbury Way
8595990614;Gina Hamel;Other;1947-09-01 01:46:18;ghamel8f@thetimes.co.uk;38 Talisman Junction
2522865955;Adrian Warsop;Female;1972-10-26 17:58:06;awarsop8g@vinaora.com;1572 Vernon Plaza
6312312917;Gertruda Moreinis;Male;1951-04-22 00:38:11;gmoreinis8h@imdb.com;85279 Stuart Pass
2014959472;Aurelia Tighe;Male;1902-05-08 13:11:11;atighe8i@webeden.co.uk;9 Scofield Hill
9543398326;Toby Kaliszewski;Other;1954-05-19 20:26:38;tkaliszewski8j@si.edu;
4483308084;Benjamen Sylett;Male;1915-11-20 10:09:37;bsylett8k@forbes.com;1 Cambridge Place
1706263151;Isidro Canny;Other;1951-07-08 00:00:55;icanny8l@wunderground.com;6 Mosinee Trail
4907965452;Quintina Ancliff;Male;1988-02-21 00:59:44;qancliff8m@list-manage.com;14 Stuart Avenue
3504887996;Roman Cisson;Female;1986-04-05 11:06:52;rcisson8n@trellian.com;
8919341447;Katinka Bradick;Other;1936-01-13 18:09:29;kbradick8o@sbwire.com;54 Little Fleur Alley
2672418632;Meaghan Gridon;Male;2006-06-22 18:56:17;mgridon8p@marketwatch.com;2433 Del Mar Junction
1871324405;Allin Cinnamond;Female;1986-06-07 02:28:28;acinnamond8q@wikipedia.org;68589 Sunbrook Lane
7252318041;Goddart Churly;Other;2000-01-21 15:54:14;gchurly8r@npr.org;44 Kensington Terrace
7597579807;Nan Siene;Female;1961-02-06 10:50:21;nsiene8s@utexas.edu;
8232496385;Hallsy Marzele;Other;1917-08-11 15:03:33;;
8723076349;Celestia Kuller;Female;1922-02-22 16:05:52;ckuller8u@liveinternet.ru;956 Ronald Regan Way
5096571609;Lindsey Kane;Male;2009-01-25 05:01:47;lkane8v@csmonitor.com;
4573459930;Tades Haysom;Female;2003-12-05 09:02:23;;
8342827206;Fanni Cushworth;Male;2001-12-30 23:12:51;fcushworth8x@scribd.com;8653 Milwaukee Street
5539021701;Berty Woolger;Male;1990-11-01 01:35:08;bwoolger8y@myspace.com;1 Gina Hill
1137872791;Conant Dearell;Other;1996-08-19 01:53:49;cdearell8z@shop-pro.jp;07752 Fieldstone Drive
2407740704;Cassey Van Eeden;Male;1941-07-22 20:08:34;cvan90@gizmodo.com;3266 Maple Wood Center
4743717730;Nissy Bofield;Male;1938-06-28 03:42:10;nbofield91@discuz.net;
3891193935;Monroe Sach;Male;2005-12-29 10:27:25;msach92@illinois.edu;
6597430629;Derron Broadley;Male;1963-09-04 09:01:42;;177 Amoth Way
8593365791;Flore Ratter;Other;1987-12-01 04:44:06;fratter94@ftc.gov;23000 Iowa Trail
1925508873;Nikolaus Roebottom;Other;1982-07-12 18:14:33;nroebottom95@nationalgeographic.com;95 Merrick Place
3621831687;Nydia Groarty;Female;1975-04-05 13:14:15;ngroarty96@shinystat.com;3018 East Point
8268649483;Haskel Longcake;Other;1935-01-08 14:21:17;;
3958613912;Zorah Leyfield;Other;1991-10-13 23:31:20;zleyfield98@cbsnews.com;97 Sommers Street
3327516033;Gaby Kensley;Male;1964-12-09 18:52:21;gkensley99@mapy.cz;4363 Boyd Park
1269474583;Lauralee Elnough;Other;1988-01-20 09:33:37;lelnough9a@alexa.com;068 Erie Hill
7433136976;Whitby Phettis;Other;1942-11-05 17:10:08;wphettis9b@webs.com;66711 Basil Road
8618430141;Dewie Safe;Other;1934-02-28 10:29:28;dsafe9c@reuters.com;
6277416503;Antoinette Varker;Male;1945-10-09 22:59:39;avarker9d@china.com.cn;5 Bartelt Hill
2737805870;Jose Eubank;Male;1908-06-23 08:54:42;jeubank9e@usa.gov;
3699011108;Dolli Darcey;Other;1922-02-08 14:05:51;ddarcey9f@live.com;4361 Farwell Avenue
7976742699;Berna Quilkin;Male;1903-10-28 02:23:12;;3 Tony Plaza
5061594622;Patrizia Wolledge;Other;2011-12-14 19:28:42;pwolledge9h@flavors.me;6914 Debra Way
9428374831;Kristi Huntington;Female;1978-04-27 19:05:33;khuntington9i@flavors.me;19973 John Wall Point
6305559107;Georgina Labbey;Male;2013-02-21 05:26:56;glabbey9j@imdb.com;3 Mandrake Center
5835261946;Kipp Pibsworth;Female;2009-07-11 13:25:52;kpibsworth9k@ehow.com;093 Ludington Trail
3061991977;Tyrus Opdenorth;Female;1976-12-15 12:45:46;topdenorth9l@ihg.com;12817 Michigan Way
4909054875;Theodoric Minker;Other;1958-11-01 20:19:33;tminker9m@flickr.com;677 Comanche Parkway
6669922165;Kincaid Soffe;Female;1935-08-06 05:33:31;;3416 Loomis Place
6849568665;Onida Moakler;Male;1951-02-10 16:10:46;omoakler9o@ucoz.ru;4857 Waubesa Parkway
7044370767;Siusan Ackerley;Other;1960-08-23 01:14:15;sackerley9p@themeforest.net;0 Eagan Crossing
3533711485;Judd Clinch;Female;2008-11-25 05:53:38;jclinch9q@flavors.me;202 Sunfield Terrace
8232116453;"L;urette Worssam";Male;2010-10-02 07:36:06;lworssam9r@marriott.com;44501 Longview Drive
4345765824;Anitra Caudrelier;Other;2005-11-04 13:25:55;;4 Grayhawk Drive
8135968320;Joel Tamlett;Other;1986-11-18 18:23:57;jtamlett9t@unesco.org;51689 Prairie Rose Pass
3224829459;Lissi Seale;Female;1910-11-24 11:32:00;lseale9u@over-blog.com;419 Vera Point
4601063053;Agata Birkmyre;Female;1972-11-25 02:07:15;abirkmyre9v@theglobeandmail.com;890 Moulton Plaza
8602355509;Peter Miguel;Other;2004-03-14 21:04:19;pmiguel9w@tinypic.com;13539 Garrison Avenue
9804415797;Pia Wheldon;Female;1920-02-08 12:21:13;pwheldon9x@guardian.co.uk;22439 Milwaukee Lane
9202971654;Freida Ridett;Female;1907-09-18 16:06:59;fridett9y@cargocollective.com;11 Hermina Lane
7645744892;Ariana Dalinder;Female;1918-08-25 19:40:48;;3393 New Castle Street
9161934795;Merilee Bovingdon;Female;2008-10-08 17:16:14;mbovingdona0@accuweather.com;0752 Crownhardt Alley
4734882011;Lay Bramhill;Other;1983-09-01 21:54:09;lbramhilla1@hubpages.com;3654 Manley Circle
2483208610;Marmaduke Roobottom;Other;2014-08-31 21:33:59;;1408 Debs Way
1497562054;Lanie Gozard;Female;2006-08-02 23:08:34;lgozarda3@1und1.de;04 Mccormick Avenue
3909486209;Evan Welldrake;Female;1950-12-11 02:09:43;ewelldrakea4@yellowpages.com;70 Evergreen Point
5635110344;Joey Catling;Other;2005-12-26 13:43:08;jcatlinga5@wp.com;4244 West Court
8755182275;Bibbye Bernade;Female;1951-11-26 13:05:22;bbernadea6@posterous.com;7 Butterfield Circle
3689620278;Maddy Foggo;Other;1964-04-25 17:00:26;;32 Blackbird Street
4656907021;Delcina Hudspeth;Other;1925-06-13 04:37:05;dhudspetha8@slate.com;43872 Onsgard Place
5823361395;Jeremy Lanchbery;Male;1931-08-27 10:56:58;jlanchberya9@columbia.edu;725 Superior Point
5963312177;Ellyn Cockerton;Male;1956-01-30 19:24:58;ecockertonaa@fda.gov;458 Oneill Road
3587351713;Krystalle Meininking;Other;1976-04-14 19:53:25;kmeininkingab@nbcnews.com;32 Esch Junction
6103446744;Malinda Sanbroke;Male;2010-11-07 00:51:48;;94 Steensland Lane
6438230289;Rey Farnfield;Male;1917-02-23 21:55:06;;3269 Prairie Rose Place
7592191522;Joe Jakubovski;Female;1939-10-23 11:24:01;jjakubovskiae@redcross.org;442 Sherman Place
5124478193;Teena Dunsmore;Other;1915-08-14 23:30:53;tdunsmoreaf@pen.io;51 Charing Cross Park
5917743472;Regina Bernardelli;Female;1911-09-21 04:33:45;rbernardelliag@privacy.gov.au;0 Pleasure Drive
2912708243;Jannelle Gierck;Male;1968-08-30 06:50:05;jgierckah@aboutads.info;1 Pine View Place
9172490522;Sheffie Tiddeman;Male;1999-01-21 08:35:02;stiddemanai@homestead.com;367 Fremont Avenue
2422636979;Ignatius Carluccio;Male;1964-07-22 16:54:41;icarluccioaj@google.pl;62 Northwestern Parkway
1584949745;Baird Cuddy;Female;1998-09-18 16:44:37;bcuddyak@dot.gov;3415 Milwaukee Point
6626530983;Robinet Beebee;Other;1968-11-09 09:04:22;rbeebeeal@reverbnation.com;967 Sunbrook Park
8098991548;Ondrea Shovelbottom;Other;1956-08-01 17:12:23;oshovelbottomam@goo.ne.jp;8 Cardinal Circle
6504588370;Pieter Gorring;Other;2006-12-06 08:55:11;pgorringan@opera.com;294 Manitowish Parkway
7914654862;Sarina Bickley;Other;1944-03-18 04:42:33;sbickleyao@ask.com;618 American Court
9339851785;Adela Jaulmes;Male;1906-07-19 06:17:52;ajaulmesap@canalblog.com;760 Fordem Parkway
7237699804;Quinn Giberd;Female;1956-12-23 13:03:31;qgiberdaq@mayoclinic.com;1 Tony Center
2423511712;Rossy Dowzell;Other;1970-02-17 20:35:01;rdowzellar@netvibes.com;8978 6th Way
2121283408;Brodie Rusk;Male;1915-01-17 02:56:50;bruskas@msu.edu;85 Porter Drive
5704392310;Aeriel Oswald;Male;2006-08-27 12:58:35;aoswaldat@zdnet.com;22 Warrior Parkway
8378596777;Belinda Rickertsen;Other;1909-02-24 23:33:25;brickertsenau@biblegateway.com;41 Sachs Center
8563877248;Rolfe Drivers;Female;1981-02-28 00:57:57;rdriversav@gizmodo.com;925 Fremont Trail
9328773845;Etti Ottawell;Other;1934-05-20 14:27:33;eottawellaw@rakuten.co.jp;7971 Cherokee Trail
4635998371;Velvet Bever;Female;1998-07-07 05:16:43;vbeverax@hao123.com;785 Del Sol Drive
1488764774;Marybeth Wooder;Male;1994-08-17 17:19:49;;
3595854842;Waldo McKag;Female;1961-12-10 11:40:15;wmckagaz@yahoo.co.jp;545 Columbus Park
5576423857;Cy Southan;Female;1919-12-30 11:39:45;csouthanb0@cpanel.net;38 Longview Hill
4751370932;Fairleigh Ricioppo;Male;2013-03-26 15:39:39;fricioppob1@go.com;3 Bunker Hill Street
8236614300;Vonnie Pantin;Female;1943-10-14 06:05:51;vpantinb2@ovh.net;044 Hoard Street
4254887461;Chrisse Guillot;Female;1908-04-28 17:49:46;cguillotb3@netvibes.com;
2969069838;Phillida Farryann;Female;1992-07-14 13:54:00;;2 Becker Terrace
3428343234;Meara Jeffcoat;Female;1929-10-22 12:41:37;mjeffcoatb5@ebay.co.uk;50033 Transport Alley
5979615343;Mickie Feldmesser;Male;1973-10-13 02:59:37;mfeldmesserb6@bizjournals.com;
9733119977;Cammy Stanbrooke;Female;1914-06-24 09:37:08;cstanbrookeb7@creativecommons.org;
5841559696;Isa Zanardii;Female;1924-03-11 12:40:41;izanardiib8@vistaprint.com;585 Anniversary Road
7898800900;Wilt Jirak;Other;1987-03-04 09:19:02;wjirakb9@dropbox.com;4 Tennessee Lane
1023360423;Carolin Papworth;Female;1944-08-25 15:12:00;cpapworthba@mayoclinic.com;97 Tony Way
6902376959;Ruperta Ralestone;Female;1904-07-24 07:48:44;rralestonebb@shareasale.com;33 Truax Place
6788492707;Cari Schachter;Other;1901-09-11 05:32:44;cschachterbc@posterous.com;21 Declaration Drive
9165129532;Yulma Hardwick;Male;1979-02-04 14:56:21;;
2964042640;Karlie Jee;Female;1902-12-27 12:48:53;kjeebe@squidoo.com;
8295763875;Buckie Marsy;Other;1916-10-05 17:21:10;bmarsybf@elegantthemes.com;6981 Bayside Terrace
7669267832;Sigismondo Flello;Female;1995-03-20 15:22:23;sflellobg@biglobe.ne.jp;0 Oak Plaza
7678051213;Far Orehead;Male;1962-02-17 05:56:41;foreheadbh@europa.eu;8 Homewood Court
8361856770;Marga Yarrell;Male;2006-07-21 06:59:53;myarrellbi@imdb.com;5915 Alpine Hill
9415426392;Analiese Harrop;Female;2014-03-18 04:09:49;aharropbj@hexun.com;4 Transport Hill
3082367500;Kore Archbutt;Other;1909-09-25 14:28:32;karchbuttbk@photobucket.com;6047 Parkside Place
8977578642;Jacklyn Nowill;Other;1986-06-06 15:00:23;jnowillbl@ebay.com;3 Melrose Terrace
4046342962;Ina Nekrews;Female;1993-03-05 11:42:31;inekrewsbm@apple.com;42 Grayhawk Avenue
5387683051;Jonis Baumaier;Male;1982-03-24 18:36:52;;6 Eliot Drive
4011556649;Horst Bairstow;Other;1961-06-14 23:44:32;hbairstowbo@clickbank.net;86 Steensland Pass
1716725730;Nigel Normanton;Female;1919-11-16 19:59:03;;
5643980113;Renell McCandie;Female;1909-04-01 07:24:52;rmccandiebq@ustream.tv;1 Bluejay Junction
3574221333;Arleyne Ceschini;Female;1911-07-10 04:25:33;aceschinibr@slate.com;22 Becker Park
4268435112;Darcee Comerford;Other;2010-09-13 04:19:19;dcomerfordbs@exblog.jp;0 Haas Lane
3385270498;Devi Polin;Other;1992-04-25 16:00:37;dpolinbt@ow.ly;0 East Point
1695931593;Blancha Kindley;Other;1910-06-23 20:01:12;bkindleybu@yolasite.com;0371 Luster Junction
4541641011;Chantal Pavlasek;Male;1940-07-02 04:13:08;cpavlasekbv@nps.gov;07196 Montana Junction
3666574423;Devin Boyat;Female;1926-04-20 13:20:13;;75 Schmedeman Avenue
8521941570;Isaac Payler;Male;1964-02-22 08:37:30;;06 Tennessee Point
2754901342;Gordie Hinchcliffe;Other;2002-03-03 16:34:49;ghinchcliffeby@feedburner.com;43937 Meadow Ridge Court
8641811335;Emalia Wreford;Male;1984-07-31 15:21:28;ewrefordbz@edublogs.org;02 Merry Center
3224806464;Cherri Abels;Other;1926-10-15 20:42:36;cabelsc0@jiathis.com;2270 High Crossing Circle
9317590696;Rosalind Billson;Male;1955-04-10 18:23:58;rbillsonc1@baidu.com;59585 Ronald Regan Junction
6951154863;Ludovico Rutt;Male;2009-11-09 17:34:04;lruttc2@cargocollective.com;30 Shopko Plaza
6859962305;Sharyl Jeffery;Other;2009-05-09 09:54:25;sjefferyc3@aboutads.info;871 Ilene Court
9405480267;Haleigh De Vile;Male;1936-08-01 20:47:56;hdec4@pcworld.com;53498 Kim Pass
7759185802;Brandyn Wooddisse;Female;1962-09-02 04:35:13;bwooddissec5@51.la;18043 Sullivan Avenue
7331235225;Zuzana Fewster;Female;1970-06-06 22:46:13;;66853 Randy Lane
8822097540;Obadiah Bownde;Other;1936-10-25 23:44:58;obowndec7@smugmug.com;65 Northport Place
6127644865;Anallise Mariaud;Other;1983-10-20 17:21:02;amariaudc8@home.pl;4286 Merrick Crossing
6774338541;Lelah Guillon;Other;1922-04-25 08:06:56;lguillonc9@miibeian.gov.cn;321 Green Alley
7439234413;Crawford Marquet;Other;1967-12-18 01:38:54;cmarquetca@chicagotribune.com;8585 Knutson Drive
9104813280;Libbi Hurler;Male;1993-04-30 02:57:24;lhurlercb@dell.com;43 Dapin Drive
7931259350;Magdaia Gullivan;Other;1928-05-14 01:35:31;mgullivancc@weather.com;2737 Loomis Trail
7553408259;Mick Burkart;Male;1910-11-26 02:19:37;mburkartcd@usatoday.com;405 Scott Avenue
2341303799;Debera Stanger;Other;1948-01-11 20:21:58;dstangerce@techcrunch.com;7 Anzinger Place
8378421059;Roberto O'Keaveny;Male;1976-07-22 13:54:51;rokeavenycf@plala.or.jp;87987 Sugar Pass
5397073749;Deanne Sherme;Other;1928-02-02 06:37:43;dshermecg@geocities.jp;
5213736334;Cully Jablonski;Other;1928-12-17 08:13:09;;
2354029015;Becka Melbert;Male;1990-11-14 15:12:38;bmelbertci@google.com;
1864224687;Ring Buglar;Male;1993-01-15 13:31:03;rbuglarcj@nhs.uk;9 Union Avenue
8814281056;Gerald Chadney;Female;1937-01-22 22:27:17;;27 Corry Circle
1462562678;Noll Fomichkin;Female;1978-04-11 07:49:37;nfomichkincl@webeden.co.uk;
3191478614;Caria Grisley;Female;1905-11-25 17:42:36;;5 Village Green Park
7571667390;Saul Kirkbride;Other;1990-08-25 16:20:16;skirkbridecn@discovery.com;77304 Vernon Drive
6889756784;Christopher Divall;Female;1965-01-03 16:29:03;cdivallco@ucsd.edu;5734 Union Place
8491771298;Hyatt Yurkin;Other;1901-03-07 00:07:26;hyurkincp@google.fr;765 Dahle Alley
9858185167;Lou Lambarton;Other;1971-06-19 09:07:32;llambartoncq@sohu.com;1 Glacier Hill Avenue
9181222859;Angie Keddle;Male;1939-02-12 10:24:24;akeddlecr@bizjournals.com;6 Oneill Hill
2607977314;Margaretta McMenemy;Male;1943-01-31 11:12:12;mmcmenemycs@cnn.com;
8143681602;Curcio Goricke;Male;1956-05-13 22:58:25;cgorickect@bing.com;95 Duke Plaza
5599902385;Emmalynne Bagot;Male;1918-09-27 14:54:56;ebagotcu@state.tx.us;
3389629872;Dyanna Tales;Male;1933-12-16 08:23:11;dtalescv@columbia.edu;
4575126072;Koressa Parnell;Male;1947-02-25 08:33:19;kparnellcw@e-recht24.de;4471 Shasta Hill
7694356651;Rudiger Haysman;Male;1970-04-01 20:19:02;rhaysmancx@miibeian.gov.cn;602 Fair Oaks Plaza
8005264941;Harvey Ganiford;Other;1914-01-25 11:00:26;hganifordcy@tmall.com;63 Erie Circle
7725706701;Lyn Treppas;Other;1975-10-10 03:23:05;ltreppascz@usa.gov;006 4th Parkway
7252652918;Eudora Karpinski;Male;1973-08-08 16:20:42;ekarpinskid0@themeforest.net;36 Sauthoff Court
9467462037;Consalve Geary;Other;1987-11-04 12:47:42;cgearyd1@eventbrite.com;
3674158769;Nelle Jahnel;Female;1970-05-16 13:24:02;;72666 Grayhawk Circle
2669427247;Ariana Chastelain;Other;1989-09-22 01:03:20;achastelaind3@toplist.cz;
2604087205;Judas Fowkes;Female;1978-11-13 13:01:54;jfowkesd4@sbwire.com;7 Iowa Road
6109863471;Trip Lefeaver;Other;1968-08-02 07:27:31;tlefeaverd5@ask.com;7 Green Hill
5136049341;Filia Clampin;Female;1900-09-20 03:34:53;fclampind6@cmu.edu;74944 Lighthouse Bay Park
2023301964;Aleksandr Cracknell;Male;1951-06-26 16:22:49;acracknelld7@ft.com;66079 Elka Center
1377693739;Saxe Drinkhall;Other;1970-01-21 02:16:43;sdrinkhalld8@aboutads.info;49547 Canary Plaza
3703684656;Goldarina Beardmore;Other;1990-11-13 19:22:56;gbeardmored9@facebook.com;576 Rieder Way
6608912698;Amandi Weymouth;Female;1996-07-08 22:30:25;aweymouthda@newyorker.com;56 Caliangt Center
6152873648;Martica Ashwin;Male;1905-01-13 06:15:01;mashwindb@blinklist.com;6 Rutledge Alley
2603031368;Randie Drinan;Other;2010-11-02 09:51:27;rdrinandc@homestead.com;6268 Lien Road
2854405826;Quentin Merredy;Other;1950-12-04 22:27:28;qmerredydd@yahoo.co.jp;670 Doe Crossing Plaza
9664002611;Ophelie Saffin;Male;1958-06-22 16:29:58;osaffinde@va.gov;9346 Gateway Parkway
7307224916;Elene Tacon;Female;1984-08-15 15:42:54;etacondf@unesco.org;43632 Waywood Court
1482011807;Horatia Naptine;Other;1932-06-21 15:32:20;hnaptinedg@wunderground.com;25 Kennedy Hill
1054854890;Tamarah Sterricks;Female;1913-05-25 11:57:48;tsterricksdh@chron.com;65 Debra Pass
5051164276;Starla Baudains;Other;1946-04-16 20:43:04;sbaudainsdi@illinois.edu;40837 Amoth Street
5345872355;Gwyn Eggleton;Female;1905-04-07 22:50:27;geggletondj@blogtalkradio.com;05 Buhler Lane
3203258589;Hildy Vanns;Other;1926-01-23 01:06:17;hvannsdk@wikimedia.org;57877 Hollow Ridge Point
7618593964;Berkie Stallan;Male;1941-02-27 01:26:47;bstallandl@smh.com.au;03 Knutson Road
2057313105;Roshelle Frediani;Female;1989-08-15 08:55:22;rfredianidm@amazon.co.jp;8017 Anthes Pass
4288012798;Matilda Santon;Male;1973-10-09 01:47:14;msantondn@wisc.edu;59 Birchwood Lane
5337344835;Terrye Flaws;Female;1915-12-08 12:24:58;tflawsdo@cnet.com;1478 Eastwood Drive
8181899679;Alfy Dodshun;Male;1966-05-05 21:32:39;adodshundp@freewebs.com;2943 Carberry Center
4949934235;Hagen Batty;Other;1932-04-28 14:29:04;hbattydq@noaa.gov;
7079955641;Kennie Duchesne;Male;2000-09-01 18:01:35;kduchesnedr@diigo.com;2000 Arkansas Drive
5974719250;Matty Halladay;Other;1982-07-01 10:05:16;mhalladayds@ucla.edu;689 Clarendon Lane
1914533557;Etty Burgess;Male;1984-07-11 08:44:20;eburgessdt@over-blog.com;80373 Dayton Drive
6349833133;Cori Peschmann;Female;1931-05-25 08:56:33;cpeschmanndu@fema.gov;03 Sunfield Circle
6775362510;Mort Izakof;Male;1955-02-04 06:16:25;mizakofdv@bloomberg.com;0 Sugar Trail
6624513334;Kala Gimlet;Male;1930-11-17 02:38:24;kgimletdw@icq.com;6249 Heath Place
4421620893;Lincoln Sinkinson;Female;1927-08-10 03:45:37;lsinkinsondx@wordpress.com;344 Wayridge Circle
7681851436;Paulie Haselgrove;Other;2002-02-13 15:01:31;;2035 Nova Place
1446311259;Rois Endrighi;Female;1959-04-08 21:48:07;;8 Garrison Road
8654018949;Shana Ciccotti;Male;1972-11-07 11:34:42;sciccottie0@histats.com;8025 Anderson Way
8632655996;Tom Gobourn;Female;1938-01-19 02:18:39;tgobourne1@ibm.com;463 Magdeline Crossing
4724342926;Lisa Chung;Male;1982-04-18 13:25:11;lchunge2@huffingtonpost.com;670 Lotheville Road
9202615120;Bartholemy Caesmans;Male;1941-06-24 23:43:45;bcaesmanse3@marketwatch.com;04383 Duke Center
5493862250;Archie Karlicek;Other;1979-08-24 16:28:58;akarliceke4@amazon.co.jp;
7725206646;Omar Lowle;Male;1974-11-01 21:00:10;olowlee5@constantcontact.com;447 Jenna Avenue
4759456284;Arlena Wix;Male;1990-03-21 16:12:18;awixe6@si.edu;
3944228265;Thibaud Bim;Other;1965-07-27 05:06:00;tbime7@php.net;7 Manley Way
5086754875;Micah Youster;Female;1904-08-13 15:42:10;myoustere8@intel.com;29647 Northport Terrace
3374621357;Prent Schlagh;Male;1933-12-05 15:31:48;pschlaghe9@hhs.gov;
2121997470;Grantley Vallack;Other;1952-02-17 01:51:07;gvallackea@whitehouse.gov;3304 Reinke Hill
3431727967;Leola Bonnefin;Female;1935-09-17 09:37:55;lbonnefineb@devhub.com;69 Fulton Parkway
4466029937;Bonny Tomczynski;Female;1918-03-22 07:24:44;btomczynskiec@bing.com;115 Reindahl Lane
7229579718;Hamlen Blackwood;Male;1989-11-04 17:45:53;hblackwooded@gnu.org;32739 Farwell Crossing
6161466454;Des Schrieves;Female;1917-06-21 00:48:38;dschrievesee@sfgate.com;2796 Utah Way
8386183468;Ade MacNamara;Male;1942-06-09 08:32:45;amacnamaraef@netscape.com;2 Golden Leaf Way
6849668016;Tabbatha Vannozzii;Other;2013-05-25 22:10:06;tvannozziieg@macromedia.com;656 Anhalt Lane
7301578707;Laurie Cady;Other;1921-05-08 00:59:05;lcadyeh@chicagotribune.com;14 Bellgrove Crossing
8807367851;Darrell Field;Male;1906-03-25 17:28:30;dfieldei@pbs.org;2 Dayton Court
3062539422;Sheffy Beagin;Other;1937-04-10 12:43:54;sbeaginej@plala.or.jp;
2208905848;Lind Joselovitch;Male;1944-09-11 21:30:29;ljoselovitchek@webmd.com;11291 Gerald Park
8176853568;Abrahan Egel;Male;1976-02-26 03:25:18;aegelel@unicef.org;61 Fieldstone Point
4857257366;Bobbee Lademann;Other;1946-09-07 21:58:47;;09 Ludington Pass
2383612886;Angela La Grange;Female;1907-10-13 08:42:49;alaen@hc360.com;81123 Merchant Terrace
4391101920;Frasco Vollam;Male;1921-01-07 15:39:37;fvollameo@globo.com;692 Division Drive
3232727320;Ailey McColley;Other;1930-02-20 16:35:36;amccolleyep@parallels.com;725 Bartelt Court
2239334193;Tiffie Rolfi;Other;1906-08-08 14:12:07;trolfieq@indiegogo.com;65881 Starling Parkway
7199770733;Arturo Dachey;Female;2004-05-07 23:39:34;adacheyer@tiny.cc;63 Mcguire Lane
2484665727;Brenn Pughsley;Female;2011-02-20 03:20:01;;6265 Fairview Alley
1733430171;Franz Parlet;Male;1931-11-10 10:29:59;fparletet@dell.com;6649 Jackson Pass
6655634653;Felix Budden;Other;2002-03-22 13:45:08;;137 Steensland Avenue
3784638529;Mag Bulle;Male;1966-04-17 05:05:08;mbulleev@dailymotion.com;47 Sugar Street
7784934235;Korney Dahlman;Male;1978-05-28 12:27:24;kdahlmanew@cocolog-nifty.com;84464 Golf View Place
4668802081;Sheela Kingsnod;Other;1941-07-02 10:16:45;skingsnodex@nationalgeographic.com;09465 Eliot Avenue
6803381615;Aura Flag;Other;2008-06-07 04:18:30;aflagey@wiley.com;22 Ridgeway Center
7595280784;Gib Croney;Male;1941-11-19 13:34:32;gcroneyez@dell.com;56 Blue Bill Park Court
8026299020;Giusto Estabrook;Female;1969-05-18 17:49:44;gestabrookf0@newsvine.com;321 Stone Corner Point
4359507647;Corrine Ashplant;Female;1911-04-07 08:08:35;cashplantf1@joomla.org;3 Macpherson Parkway
1159901861;Konstanze Lurriman;Other;1910-06-01 14:58:38;;4 Oxford Pass
5774197009;Brandais Rudeforth;Male;1995-04-28 20:34:08;brudeforthf3@seesaa.net;4 Johnson Crossing
2393604409;Conrado Maidlow;Female;2010-07-19 19:38:23;cmaidlowf4@go.com;090 Mitchell Trail
5807287074;Micki Moyers;Other;1953-10-16 21:40:53;mmoyersf5@wordpress.com;55371 Butternut Terrace
7642883015;Patrizio Eastwell;Other;2007-05-07 16:31:56;peastwellf6@biglobe.ne.jp;177 Marcy Pass
5128356318;Cristabel Bedson;Male;1948-11-27 15:37:10;cbedsonf7@techcrunch.com;8 Harbort Drive
1739325168;Dixie Turtle;Female;2013-06-09 10:24:54;dturtlef8@bbc.co.uk;59 Moose Avenue
8405830336;Michelina Bowker;Female;1971-05-07 22:30:13;mbowkerf9@gizmodo.com;373 Eastlawn Hill
8367505499;Keslie Loades;Female;1915-10-23 10:59:42;kloadesfa@aol.com;5579 Evergreen Circle
5061663758;Dennie Forri;Male;1971-08-20 04:31:19;dforrifb@nih.gov;25668 Gateway Alley
5749647213;Guy Wherton;Female;1985-10-20 06:55:14;gwhertonfc@ibm.com;
4538356374;Jackqueline Game;Other;2006-12-10 03:16:03;jgamefd@google.ru;160 Namekagon Alley
3515882916;Sarge Espinola;Female;1964-06-28 03:09:30;sespinolafe@trellian.com;251 Northridge Plaza
6786035439;Ivor Tordiffe;Other;1981-10-01 05:59:08;itordiffeff@salon.com;19 Birchwood Park
5079810059;Sadie Gemson;Male;1958-04-13 01:16:04;sgemsonfg@npr.org;3538 Karstens Junction
3498123239;Pearle Murrthum;Female;1943-06-11 14:57:21;pmurrthumfh@posterous.com;8171 Gale Pass
6671976698;Anny Rubke;Female;1983-06-03 13:29:33;arubkefi@spotify.com;6 Delaware Terrace
6193570179;Heywood Janiak;Other;1933-08-26 01:52:26;hjaniakfj@ebay.co.uk;4740 Redwing Drive
4782384941;Bianka Semmence;Female;1982-10-16 23:26:46;bsemmencefk@berkeley.edu;948 Commercial Court
4715394686;Ame Bates;Other;1909-07-02 04:07:31;;9 Valley Edge Place
4891605502;Clovis Broxup;Female;1999-03-13 13:02:01;cbroxupfm@google.fr;6946 Sycamore Place
9719858757;Sawyer Rennison;Male;1961-09-06 02:07:20;srennisonfn@list-manage.com;2 Cambridge Crossing
3311414505;Brandy Pitts;Other;1943-09-10 02:19:39;;4 Bluestem Parkway
9519798108;Axel Stubbs;Female;2003-11-19 12:31:16;astubbsfp@hao123.com;84163 Pennsylvania Place
2218928822;Vevay Rubertis;Female;1907-05-08 05:49:59;vrubertisfq@dyndns.org;06501 Washington Court
4684459776;Melisenda Wrey;Male;1946-07-10 21:07:31;mwreyfr@comsenz.com;5464 Heffernan Court
9241549045;Ameline Swanston;Other;1982-11-16 08:54:05;aswanstonfs@godaddy.com;83 Killdeer Crossing
8621138299;Paco Perillio;Female;1983-03-17 00:56:49;pperillioft@e-recht24.de;90 Gina Circle
3215548620;Connor Clows;Male;1978-02-22 06:05:55;cclowsfu@sohu.com;4 Haas Hill
9624588698;Zita Daventry;Female;1908-11-28 15:31:00;;4 Park Meadow Center
6259646303;Penrod De Hooch;Other;1917-10-07 18:27:56;pdefw@yelp.com;5057 Bultman Court
5875546583;Galen Hazart;Female;1940-06-04 15:52:14;ghazartfx@fastcompany.com;39 Quincy Place
4562508951;Kathy Nott;Other;1964-04-26 04:44:26;knottfy@hc360.com;76362 Kinsman Circle
9515246659;Delly Boraston;Female;1943-11-13 04:40:02;dborastonfz@123-reg.co.uk;853 Troy Park
1964467245;Libbi Tiesman;Female;1952-02-14 12:41:12;ltiesmang0@ox.ac.uk;9196 Reindahl Circle
6678552928;Doralin Pedri;Female;1929-02-28 14:35:24;dpedrig1@nature.com;91 Talisman Road
3617957608;Brandtr Blackburne;Other;1954-07-15 14:01:23;bblackburneg2@tmall.com;494 La Follette Drive
6423990106;Abby Milmith;Female;2002-12-02 04:10:28;amilmithg3@chronoengine.com;88 Lyons Junction
3408508743;Maribelle Lewton;Male;1901-11-27 22:12:47;mlewtong4@un.org;3409 Hoepker Plaza
3848230133;Celisse Measor;Other;1997-04-02 23:12:38;cmeasorg5@wired.com;55 Chive Park
7398147812;Willi Harrower;Female;1958-07-06 09:31:16;wharrowerg6@who.int;936 Graedel Plaza
7737469148;Anson Trenouth;Female;2004-01-07 14:31:18;atrenouthg7@alibaba.com;09530 Namekagon Center
6688584017;Sherman Bernardt;Other;1905-05-15 02:39:18;sbernardtg8@thetimes.co.uk;
7318576009;Melissa Clemmitt;Other;1926-06-15 00:07:12;mclemmittg9@pagesperso-orange.fr;255 Service Street
7259109351;Codee Agdahl;Female;1900-06-24 21:07:33;cagdahlga@mail.ru;51 Golf Trail
9998476789;Dennet Ballin;Male;1927-11-14 10:00:25;dballingb@shutterfly.com;04148 Fuller Plaza
6267363589;Micki Evershed;Other;1902-01-05 05:37:25;;639 Havey Street
9181339930;Oswald Oxby;Male;1993-11-01 03:22:03;ooxbygd@cornell.edu;4 Straubel Junction
6174281902;Juline Jeaffreson;Female;1927-04-05 01:01:22;jjeaffresonge@examiner.com;0 Muir Lane
3135640494;Iggie Finlan;Other;1927-03-30 23:29:54;ifinlangf@cafepress.com;378 Randy Alley
1284048418;Carrie Gillebert;Male;1936-04-04 00:51:18;cgillebertgg@nymag.com;
2623141211;Eleen Gwynn;Male;1971-12-20 19:31:01;egwynngh@friendfeed.com;4 Northview Street
1175333437;Earle Joffe;Male;1966-04-09 11:54:21;ejoffegi@prnewswire.com;0730 Hauk Trail
3947154584;Johnette Attwooll;Other;1916-03-26 07:31:46;jattwoollgj@eventbrite.com;79 Portage Alley
2564431593;Patrizius Isaksson;Male;2005-11-11 20:42:32;pisakssongk@ycombinator.com;45869 Homewood Way
9344764022;Berkie Bennie;Other;1936-10-18 06:14:36;bbenniegl@pen.io;5207 3rd Hill
7344765375;Shoshanna Pavlata;Female;1930-07-09 01:09:02;spavlatagm@bing.com;28 Darwin Place
5703198292;Frederique Nolleau;Other;1944-07-01 15:23:48;fnolleaugn@twitter.com;87 Dottie Drive
4317627124;Amye Buard;Other;1929-03-09 20:59:32;abuardgo@live.com;21 Stephen Circle
1053411085;Kingston Kohrt;Male;1901-12-05 03:12:32;;73 Coleman Circle
7712071569;Damiano Weeks;Male;1989-03-09 05:05:29;dweeksgq@craigslist.org;50 Eagan Place
5489239629;Celinka Houlton;Other;1914-02-28 04:29:14;choultongr@tuttocitta.it;76 Leroy Street
7365285494;Lenka McIlvenna;Male;1934-06-14 06:56:44;lmcilvennags@google.com.hk;816 Hovde Circle
8015396341;Barty Zanassi;Female;1930-01-03 20:50:52;bzanassigt@rakuten.co.jp;57645 Eagle Crest Drive
6952594316;Natasha Dudson;Male;1927-05-31 11:05:27;;1681 Walton Drive
5655699374;Gunner Halgarth;Male;1927-01-14 02:23:10;ghalgarthgv@desdev.cn;20414 Saint Paul Road
8072294964;Christy Mervyn;Female;1958-12-09 09:45:34;;21 Red Cloud Lane
7238812223;Daphna Bytheway;Male;1919-03-06 00:11:23;dbythewaygx@aol.com;02 Everett Pass
5655820088;Dawna Olufsen;Other;1943-08-04 21:52:14;dolufsengy@google.com.br;349 Summer Ridge Alley
1912473076;Thaine Crisford;Male;1900-02-10 05:52:00;tcrisfordgz@elegantthemes.com;09 Hanson Court
9822820662;Rutherford Carette;Female;1950-01-13 08:56:56;rcaretteh0@hhs.gov;64246 Forest Run Plaza
5001085116;Munroe Maso;Female;2012-02-18 16:58:09;;73 Mesta Place
6335310840;Shandy Hempel;Female;1969-05-11 16:57:40;shempelh2@senate.gov;1120 Bobwhite Center
5083373495;Erica Ebi;Other;1944-07-25 09:00:18;eebih3@si.edu;82 Katie Center
7125617643;Rollins Sussex;Other;1975-04-30 18:49:48;rsussexh4@hao123.com;4320 Oneill Road
3756662312;Garwood Jados;Male;1954-01-04 16:05:04;gjadosh5@sitemeter.com;95960 Nelson Plaza
2702861021;Revkah Grevel;Other;1986-03-11 02:48:25;rgrevelh6@vkontakte.ru;7178 Holy Cross Street
5524484915;Marina Fritz;Male;2005-06-17 17:08:45;mfritzh7@hhs.gov;5 Raven Terrace
6194817039;Violante Jakovijevic;Male;1909-01-30 22:15:04;vjakovijevich8@gov.uk;918 Daystar Street
1074601728;Prudence Pendrid;Other;1976-10-19 20:49:37;ppendridh9@twitpic.com;5019 Golf View Trail
9063730744;Lianna Petrashkov;Female;1987-02-25 05:23:32;;0 Leroy Court
6311086784;Hirsch Titta;Female;1958-01-25 13:29:17;htittahb@digg.com;872 Jay Street
8657936125;Coral Hanselmann;Female;1915-10-10 02:18:04;chanselmannhc@mapquest.com;9 Main Court
4985281640;Farah Uttley;Other;1905-09-24 06:42:40;futtleyhd@slashdot.org;2 Declaration Place
9238125451;Kalle Albertson;Female;1946-04-15 03:58:08;kalbertsonhe@nymag.com;2144 Hoepker Park
3377513253;Waylin Antosch;Female;1901-07-04 15:30:32;wantoschhf@woothemes.com;58 Troy Court
1697265498;Berky Merigon;Female;1996-11-30 23:56:04;bmerigonhg@xing.com;0554 Eagan Circle
2284466509;Agretha Rookes;Female;2010-03-04 12:05:15;arookeshh@about.me;8217 Nelson Lane
9808064269;Bellina Curteis;Female;1926-10-03 13:36:35;bcurteishi@java.com;8 Kensington Road
3453078175;Ezri Wigelsworth;Other;1968-10-09 09:59:04;ewigelsworthhj@mayoclinic.com;0658 Melvin Point
6238130470;Clare Stopforth;Female;1933-11-07 15:20:07;cstopforthhk@eepurl.com;382 Sunbrook Avenue
6863113895;Loy Sproul;Male;1984-07-08 21:15:01;lsproulhl@howstuffworks.com;1163 Towne Center
5772339278;Garvy Danes;Female;1971-09-25 12:42:36;gdaneshm@creativecommons.org;357 Emmet Place
2902123202;Valdemar Feeney;Other;1970-12-18 23:15:39;vfeeneyhn@simplemachines.org;24295 Marcy Crossing
9485046187;Cassie Tofano;Male;1993-11-18 08:07:26;;0 American Point
6331342855;Wheeler Rapsey;Male;2005-10-22 03:05:00;wrapseyhp@qq.com;896 Mallory Way
7561620740;Kanya Mayze;Female;1986-11-12 23:05:40;kmayzehq@woothemes.com;23112 Sauthoff Court
7822743929;Ingamar Woofendell;Other;1950-10-31 09:14:14;;133 Carberry Street
3953616831;Roddy Plomer;Male;1980-09-04 19:37:31;rplomerhs@usda.gov;28489 Green Place
1863259266;Tiffie Killik;Male;1952-12-31 23:43:16;tkillikht@si.edu;852 Tennessee Drive
9307263803;Falkner Attfield;Male;1921-03-06 16:41:33;fattfieldhu@usda.gov;843 Cottonwood Trail
6818636587;Norry Carmo;Other;1961-02-13 20:40:11;ncarmohv@google.ca;90 Meadow Ridge Street
2655672709;Hallie Badam;Female;1965-03-11 06:04:58;hbadamhw@163.com;5 Blaine Circle
3942096903;Marla Stroton;Other;2012-03-30 09:46:39;mstrotonhx@zimbio.com;1 Fieldstone Avenue
8673269754;Thane Clinnick;Female;2013-04-02 16:08:56;tclinnickhy@devhub.com;76 Fulton Center
5873224029;Sheeree Mattiato;Female;1949-06-30 01:16:53;smattiatohz@nbcnews.com;
3348769826;Hasty Brugger;Female;1958-03-23 06:20:59;hbruggeri0@cdc.gov;0 Surrey Road
3992635083;Hesther Josefsson;Female;1944-06-09 19:51:20;hjosefssoni1@liveinternet.ru;
9262919130;Roy Haithwaite;Male;2008-01-08 04:52:50;rhaithwaitei2@squarespace.com;88 Aberg Park
8956291208;Janis Ivel;Other;1928-09-26 22:59:26;jiveli3@fotki.com;42806 Hollow Ridge Alley
3337595570;Shaylynn Rubinovitch;Male;1952-02-13 22:27:20;srubinovitchi4@hp.com;526 2nd Center
7308448948;Dilan Leap;Male;1935-09-14 21:18:56;;54052 Talmadge Plaza
3329865259;Cris Robertacci;Other;1917-07-19 14:17:21;crobertaccii6@hp.com;60 Bultman Drive
3571656538;Chrissie Cornelius;Other;2003-02-20 16:30:45;ccorneliusi7@dailymotion.com;49 Sullivan Center
6054911082;Carolyne Andrei;Male;1980-12-27 20:31:07;;
3628606420;Maxy Legendre;Female;1925-01-18 00:27:48;mlegendrei9@wikia.com;1 Bartillon Court
8399103659;Brew Medland;Female;2002-05-31 07:46:21;bmedlandia@google.fr;6 Towne Junction
5412556980;Shaylynn Amery;Female;1998-05-13 08:35:00;sameryib@statcounter.com;1 Arapahoe Crossing
7293141250;Toma Tuohy;Male;1944-07-05 22:15:08;ttuohyic@deviantart.com;347 Donald Trail
8384564514;Jamaal Chance;Male;1914-01-31 13:09:58;jchanceid@youtube.com;63471 Hoard Parkway
4908221054;Adelbert Shorten;Female;1901-12-08 06:36:00;ashortenie@ovh.net;2 Logan Pass
9008507706;Gweneth Childrens;Female;1912-12-16 08:19:57;gchildrensif@facebook.com;22 Haas Center
5154758638;Christie Austwick;Male;1944-03-01 00:34:51;caustwickig@prweb.com;
9953556244;David McGreary;Female;2000-03-23 17:43:49;;71009 Fremont Way
8841602371;Naomi Charge;Female;1972-11-22 03:00:56;nchargeii@hp.com;056 Declaration Hill
7781842413;Valentijn Tearle;Male;2002-09-12 22:49:59;vtearleij@boston.com;3910 Cherokee Drive
4598784290;Alan Porcas;Other;1924-12-17 18:37:34;;5902 Morning Point
3386104690;Quill Reid;Male;1998-05-31 18:28:25;qreidil@google.co.uk;4365 Dahle Drive
2522670067;Dunn Yanyushkin;Male;1917-04-28 04:47:31;dyanyushkinim@weather.com;2225 Autumn Leaf Parkway
9029476000;James Mellmer;Male;1994-09-14 12:47:29;jmellmerin@usatoday.com;06 Armistice Plaza
4568177063;Shalna Pandey;Female;1940-07-04 06:42:10;spandeyio@jigsy.com;33 Kings Pass
8928244430;Trumaine Knuckles;Other;1943-07-25 14:44:36;;54204 Hallows Hill
7903984202;Roslyn Guwer;Other;1901-07-23 12:06:30;rguweriq@addtoany.com;
1888898007;Sayres Kinghorn;Female;1932-11-29 02:36:00;skinghornir@toplist.cz;6644 High Crossing Hill
8638708159;Ev Giffard;Male;1959-02-09 23:41:49;;9766 Rigney Pass
5332149904;Jacky Linggood;Male;1939-03-30 06:08:31;;2679 Brown Junction
3566717079;Dori Lawlance;Other;1911-05-28 15:05:37;dlawlanceiu@newyorker.com;91287 Burning Wood Trail
9624115078;Nathanael Gianni;Female;1972-03-18 07:14:31;ngianniiv@amazon.co.jp;01300 Kinsman Lane
2184532426;Tamarra Andrea;Female;1996-03-07 09:47:13;;962 Loomis Parkway
9978313895;Katalin Trunkfield;Male;1965-03-14 04:09:23;ktrunkfieldix@jugem.jp;6387 Farwell Road
7565804598;Edsel Joire;Female;1957-01-21 20:10:40;ejoireiy@people.com.cn;87801 Pankratz Lane
7892755031;Viviyan Moran;Female;1907-06-08 00:11:06;vmoraniz@boston.com;
4266858698;Maddy Blanchet;Male;1985-04-11 19:17:43;mblanchetj0@bloomberg.com;52893 Fisk Park
6898777483;Kizzie Furber;Female;1988-10-01 07:31:40;kfurberj1@merriam-webster.com;
2174496615;Waylin Gogarty;Female;1962-07-15 05:46:20;wgogartyj2@seesaa.net;637 Manitowish Street
2822445483;Norris Bradshaw;Female;1910-03-25 10:43:28;;261 Crescent Oaks Plaza
6827938678;Osmond Izzatt;Other;1900-03-14 23:03:12;oizzattj4@github.com;57357 Sunfield Drive
1793400444;Denny Cottam;Male;2010-10-03 12:35:34;dcottamj5@earthlink.net;98 Welch Parkway
8842498687;Daisi Plak;Male;1996-09-25 08:10:36;dplakj6@plala.or.jp;27183 Russell Point
1982719115;Craggie Slayton;Male;2008-02-21 05:52:17;cslaytonj7@skype.com;4539 Drewry Alley
2123436924;Jackie Hackney;Other;1929-03-19 05:07:37;;2472 Stephen Pass
1908699466;Vera Meade;Male;1931-08-25 17:06:18;vmeadej9@drupal.org;
7122968210;Major MacKintosh;Other;1965-10-18 01:16:46;mmackintoshja@indiatimes.com;33264 Bay Pass
9639529615;Sharl Pummell;Female;1900-04-08 03:49:37;spummelljb@howstuffworks.com;1 Continental Parkway
6025673621;Chelsae Patterson;Female;2003-08-11 04:00:26;cpattersonjc@shareasale.com;5 Graedel Crossing
4553984131;Fulton Pringour;Male;1914-12-01 05:33:31;fpringourjd@123-reg.co.uk;2 Swallow Lane
7211159377;Nap Linden;Other;1919-12-08 02:45:03;nlindenje@hhs.gov;0 Esch Parkway
7888087772;Keri Purle;Other;1973-06-22 15:58:00;;02 Milwaukee Terrace
1873502344;Laraine Vaillant;Female;1922-01-13 21:18:00;lvaillantjg@taobao.com;3498 Heffernan Park
4477259275;Ginni Scothron;Female;1920-06-21 01:10:59;gscothronjh@bloomberg.com;64815 Mallard Street
4461290798;Goldi Fitchett;Other;2006-04-05 03:40:01;gfitchettji@paginegialle.it;63530 Kinsman Parkway
3435531721;Pebrook Fausch;Female;1917-04-28 16:33:45;pfauschjj@abc.net.au;
7296794583;Ezri Mottinelli;Other;1953-02-19 06:44:58;;83 Old Shore Circle
9515451154;Robbi Nice;Other;1938-04-20 19:11:26;rnicejl@nature.com;4 Bartillon Center
4252470767;Joly Smale;Female;1953-04-05 08:29:04;;4704 Roxbury Trail
3656802670;Desmund Trott;Male;1964-06-17 19:42:31;dtrottjn@chronoengine.com;
6833131699;Gaston McBain;Male;1973-04-27 07:55:06;gmcbainjo@berkeley.edu;343 Hudson Lane
6502612962;Clair Americi;Female;1995-06-03 16:23:16;camericijp@google.ca;823 Lukken Lane
4763237716;Demetris Buxam;Male;1966-07-24 03:03:12;dbuxamjq@multiply.com;23736 Service Way
3966050786;Quillan Elecum;Male;1923-02-15 22:22:23;qelecumjr@usgs.gov;45909 Golf Pass
8739597021;Arlana Seward;Male;1913-05-02 19:59:07;;61 Summit Alley
6104509393;Lorry Canedo;Other;2005-08-20 15:30:26;lcanedojt@craigslist.org;29 Brown Trail
1733509830;Gun Dobell;Male;1951-08-13 15:43:41;gdobellju@ifeng.com;1 Dexter Circle
3756655168;Lucias Chetwind;Female;1976-06-07 23:15:22;lchetwindjv@omniture.com;2 Glacier Hill Plaza
7118960279;Whitney Ballentime;Other;1963-12-25 16:04:06;wballentimejw@squidoo.com;137 Goodland Terrace
1838265062;Karolina Pitsall;Female;1951-11-01 01:08:47;kpitsalljx@homestead.com;4385 Sunnyside Terrace
9239055921;Tabb Hevner;Male;2007-05-05 16:42:37;thevnerjy@nationalgeographic.com;
4584900041;Eugene Paty;Other;1927-01-17 13:48:43;epatyjz@e-recht24.de;689 Lien Center
4442554753;Earvin Shields;Male;1996-10-02 23:44:50;eshieldsk0@fema.gov;771 Lakewood Gardens Street
6407111496;Hilario Patillo;Male;1963-10-04 20:24:11;;344 Talmadge Center
8327822809;Kiersten Gostick;Female;1907-07-06 18:38:23;kgostickk2@ehow.com;6 Meadow Ridge Place
1261005103;Carlin Gianni;Male;1929-08-16 17:00:59;cgiannik3@nifty.com;755 Vahlen Lane
7721965643;Arni Rappa;Male;1943-04-02 19:57:35;arappak4@bloglovin.com;3423 Continental Park
1439237811;Chevy Dubery;Female;2009-04-16 01:18:55;cduberyk5@gnu.org;86478 Schurz Trail
4606074092;Christean Dorrance;Female;1960-08-24 11:10:03;;5253 Surrey Trail
2461203034;Emilio Delete;Male;1984-07-29 07:13:40;edeletek7@fc2.com;5340 Heath Road
8442225101;Atlanta Piccard;Male;1923-07-01 23:24:08;apiccardk8@nbcnews.com;2 Roxbury Point
6789922241;Henriette Grassi;Other;1994-10-01 06:34:00;hgrassik9@indiatimes.com;55508 Fremont Junction
4161582191;Gardiner Potapczuk;Other;1928-03-03 17:49:18;gpotapczukka@wix.com;409 Farwell Plaza
2556786205;Henri Measor;Female;2007-11-08 19:15:54;;78 Tony Junction
5308057041;Rodi Jorgesen;Male;1910-07-12 05:32:39;rjorgesenkc@cnet.com;99140 School Junction
9045445083;Hermann Probet;Female;1949-05-13 00:24:55;hprobetkd@redcross.org;
4891434803;Zarah Tregunna;Female;1964-09-15 08:26:01;;0 Golf Course Trail
7962513062;Arnie Brashaw;Other;2005-09-13 20:48:29;abrashawkf@ucsd.edu;954 Mitchell Drive
2221366866;Alethea Pellant;Female;1981-06-13 16:32:30;apellantkg@acquirethisname.com;00973 Dwight Point
7169974991;Piotr Bigglestone;Male;1923-12-17 04:40:38;pbigglestonekh@bloglovin.com;962 Park Meadow Park
4276574061;Cassie Darque;Other;1947-05-29 16:41:45;cdarqueki@rediff.com;23005 Commercial Crossing
6649407417;Elias Deinhard;Male;1958-06-24 19:33:24;edeinhardkj@google.cn;133 Marcy Center
2571188080;Matt Ralston;Other;1935-01-19 17:04:20;mralstonkk@w3.org;316 Bunker Hill Hill
3311121775;Charleen Madre;Male;1910-02-04 19:40:02;cmadrekl@blogspot.com;82089 Melvin Road
9828827355;Nil Tellwright;Male;1969-10-17 21:56:39;ntellwrightkm@printfriendly.com;6 Barby Avenue
1445534708;Cammy Emson;Male;1958-04-15 08:24:12;cemsonkn@usatoday.com;792 Corben Trail
6671475161;Di Bambra;Male;1923-03-02 16:00:54;dbambrako@ca.gov;
4714340719;Raleigh Spilisy;Male;1940-01-01 18:15:18;rspilisykp@list-manage.com;70 Continental Center
9918436758;Camala Ligoe;Female;1990-03-20 14:09:10;cligoekq@ucla.edu;
5638937641;Alanah Pawlaczyk;Other;2005-10-15 05:23:30;apawlaczykkr@yahoo.com;56152 Erie Lane
7436590012;Corrinne Sayer;Male;1945-02-18 12:11:23;csayerks@rakuten.co.jp;67648 Chive Terrace
8913916325;Linn Shapland;Female;2004-11-21 07:02:24;;1 Moose Street
3757413438;Bram Weepers;Other;2007-01-25 17:31:51;bweepersku@de.vu;493 Barby Hill
1948247304;Cathee Guilloton;Female;1949-07-10 04:46:28;cguillotonkv@ftc.gov;0 Stuart Hill
6954499083;Carmencita Keaves;Male;1915-11-12 10:34:58;ckeaveskw@last.fm;194 Southridge Trail
7626497120;Lin Tosdevin;Male;1913-05-07 09:30:34;ltosdevinkx@shareasale.com;615 Darwin Place
4503325019;Flinn Howroyd;Other;1995-03-01 04:43:33;fhowroydky@sitemeter.com;
2274809615;Carole Hub;Male;1991-10-28 22:06:44;chubkz@telegraph.co.uk;2392 Warrior Point
6259515926;Keeley Moutray Read;Other;2004-11-05 10:31:05;kmoutrayl0@alibaba.com;
6391638061;Arne Guinn;Female;1910-03-28 03:23:59;;89076 Ridgeway Lane
4275467002;Daffi Jiranek;Female;1903-05-24 06:12:23;djiranekl2@about.com;871 Derek Plaza
6853509147;Vitia Wimsett;Male;1947-03-25 12:55:19;vwimsettl3@webs.com;51362 Moland Crossing
4175001226;Ralph Domoni;Male;1935-12-08 04:59:44;rdomonil4@wunderground.com;4 Delladonna Terrace
9663249377;Katy Korlat;Female;1906-07-08 16:32:35;;43583 Straubel Point
3564215540;Veronique Budge;Other;1968-02-16 03:06:32;;
8774658421;Chrysa Jollands;Male;1934-10-11 12:39:12;cjollandsl7@gizmodo.com;92333 Scott Circle
2077410727;Heidi Wivell;Other;1925-07-03 21:42:23;hwivelll8@bloomberg.com;19 Dixon Park
1885815217;Eadmund Annion;Male;1988-08-22 12:08:48;eannionl9@cbc.ca;32 Susan Plaza
7042517256;Ulrich Saffen;Female;1950-08-29 06:49:38;usaffenla@ow.ly;81215 Magdeline Pass
2328731279;Shaina McFadzean;Female;1999-01-23 13:23:02;smcfadzeanlb@cafepress.com;289 Veith Junction
1343622313;Barbette Trolley;Other;1930-05-04 23:12:30;btrolleylc@quantcast.com;7 Sutherland Hill
5246979442;Maddie Horrod;Other;1929-03-04 11:15:37;mhorrodld@redcross.org;27 Aberg Way
6429118065;Gideon Gorelli;Other;1914-06-10 04:32:42;ggorellile@newsvine.com;50000 Badeau Pass
2682903926;Westbrook Baldacchi;Other;1948-02-08 19:56:43;wbaldacchilf@engadget.com;72 Spohn Hill
1593257302;Lynn Sushams;Other;1937-12-12 07:51:48;lsushamslg@admin.ch;
6298034723;Ainslie Diggles;Male;2006-11-09 09:59:55;adiggleslh@diigo.com;88 Randy Way
5104257719;Audy Gerson;Female;1975-04-01 03:51:44;agersonli@ft.com;75101 Dahle Road
5456478222;Leanor Cecere;Female;2000-04-06 16:49:59;lcecerelj@vk.com;09512 Hooker Park
1342233528;Beryl Allchorne;Female;1916-10-13 18:01:17;ballchornelk@walmart.com;846 Talisman Crossing
3397366727;Georgeanna Philott;Other;2012-07-09 20:01:07;gphilottll@1688.com;5 Chinook Drive
1849970666;Guendolen Grainge;Other;1994-06-25 12:34:47;ggraingelm@google.pl;6 Di Loreto Center
1185618642;Emelyne Keyte;Male;1901-06-21 23:58:32;ekeyteln@uiuc.edu;26 Duke Trail
1562078458;Georgi Janks;Male;1966-09-07 17:42:48;gjankslo@vistaprint.com;86 Cambridge Lane
1479303141;Rodney Vreiberg;Male;1924-02-21 23:34:08;rvreiberglp@mozilla.org;
7836375640;Shandeigh Balazs;Other;2013-01-07 13:22:54;sbalazslq@ebay.co.uk;1222 Shelley Avenue
8444965130;Gibb Julian;Female;1942-03-08 16:47:30;gjulianlr@biblegateway.com;97 Autumn Leaf Crossing
9925314726;Cherilyn Gatcliff;Female;2009-06-18 16:51:38;cgatcliffls@blogs.com;78 Susan Street
8012687122;Dore Kamienski;Male;1992-05-22 12:45:42;dkamienskilt@sphinn.com;90 Old Shore Street
3567737157;Wang Boc;Other;1984-12-20 09:51:02;;786 Mariners Cove Trail
8311189598;Kinnie Samples;Female;1919-02-21 09:48:05;ksampleslv@sciencedaily.com;2 Scoville Center
7591921540;Sven Swarbrigg;Female;1989-04-26 07:14:18;sswarbrigglw@yale.edu;57877 Miller Point
2003967231;Winn Handrahan;Female;1971-11-07 15:44:21;whandrahanlx@sourceforge.net;42986 Grayhawk Street
9522871012;Tammy Deakins;Female;1962-03-21 12:18:31;tdeakinsly@si.edu;7 Kim Drive
2235812166;Beatrisa Priddle;Female;1992-04-05 17:44:03;bpriddlelz@constantcontact.com;434 High Crossing Lane
1472722175;Flemming Weddup;Male;1966-05-23 21:32:03;fweddupm0@msn.com;7217 Del Sol Terrace
3273048659;Lynna McDuffy;Male;1982-02-26 14:11:43;lmcduffym1@ed.gov;3260 Esch Trail
7574560489;Adara Boddington;Other;1963-06-08 09:02:04;aboddingtonm2@linkedin.com;35858 Farragut Avenue
7615580278;Nerty Bettley;Male;1941-03-08 03:22:30;nbettleym3@elpais.com;7 Fairfield Court
2792347097;Olympie De Witt;Female;1992-09-05 19:48:02;odem4@bbc.co.uk;024 Barnett Terrace
5122623192;Maurizia Sewell;Female;1912-02-28 17:32:15;;404 Canary Terrace
7471947498;Reeba Samudio;Other;1950-05-17 01:22:34;rsamudiom6@i2i.jp;94 Barby Place
9987751004;Conchita Ickeringill;Female;1973-04-27 01:39:13;cickeringillm7@ameblo.jp;6 Doe Crossing Trail
5677785783;Doralynne Boseley;Other;1939-08-19 15:43:08;dboseleym8@scientificamerican.com;0 Tennyson Circle
7454791061;Robbi Crosser;Female;1958-08-31 10:17:24;rcrosserm9@elpais.com;371 Hooker Alley
5186329147;Bertrand Soutter;Female;1911-08-05 23:46:11;bsoutterma@slate.com;
9285816057;Glory Georgiades;Female;1986-12-06 17:41:31;ggeorgiadesmb@aol.com;90978 Thackeray Road
8386773256;Sigismundo Lukas;Other;1953-08-30 17:11:06;slukasmc@reverbnation.com;77349 Homewood Road
8756830586;Emelyne Hawes;Female;2014-10-03 12:10:00;ehawesmd@histats.com;05320 Barnett Parkway
9729606452;Elicia Morsley;Other;1946-10-15 05:06:29;;807 Carioca Lane
4492221045;Earvin Roncelli;Other;1909-12-14 14:35:23;eroncellimf@typepad.com;61 3rd Hill
8526198448;Dora Howship;Female;1981-06-20 00:28:44;dhowshipmg@github.io;84 Arizona Circle
3533446274;Joelynn Overstall;Other;1973-04-16 18:59:25;joverstallmh@shinystat.com;82 Meadow Ridge Avenue
4714250196;Micheil De Vaan;Other;2013-07-20 23:13:11;mdemi@over-blog.com;
4565265199;Giavani Petruskevich;Male;1974-03-16 03:05:52;;1661 Eliot Place
9258556581;Andy Enbury;Other;1932-02-28 14:24:32;aenburymk@blogtalkradio.com;65325 Monica Crossing
1401207700;Diarmid Cannop;Female;2007-05-24 13:21:09;dcannopml@noaa.gov;343 Veith Crossing
1505427423;Sean Giacomelli;Male;2014-04-02 18:07:38;sgiacomellimm@google.com;39719 Rusk Court
7083013617;Cordie Letertre;Male;1903-07-25 00:01:20;cletertremn@springer.com;4754 Nelson Pass
5503685046;Vickie Merrydew;Other;1935-12-11 18:41:38;vmerrydewmo@opensource.org;83 Lighthouse Bay Street
6636626425;Sharia Edyson;Female;1988-12-25 05:29:56;sedysonmp@chron.com;530 Melvin Trail
4972681159;Dav Ledford;Female;1945-01-01 02:19:03;dledfordmq@ycombinator.com;344 Towne Crossing
1294624482;Shelagh Biaggi;Other;1964-07-22 04:13:46;sbiaggimr@meetup.com;291 Green Road
6287867542;Quinn Corneck;Male;1930-12-26 07:19:57;qcorneckms@delicious.com;8144 Kensington Point
9503916651;Filip De Bruijn;Male;1923-02-02 06:05:40;fdemt@tiny.cc;53 Nobel Parkway
3451445943;Gardener Fairbard;Female;1919-08-15 21:11:27;gfairbardmu@mapquest.com;16 Moose Circle
8849067421;Adler Brimble;Female;1997-04-20 23:31:00;abrimblemv@census.gov;18 Dexter Park
3433789500;Gustaf Hankard;Other;2010-06-07 19:49:04;ghankardmw@sfgate.com;16470 Meadow Ridge Avenue
5694134641;Arlin Garham;Other;1958-01-05 14:44:10;;44 Mayer Point
1053602918;Derril Busch;Male;1920-08-21 18:16:51;dbuschmy@wired.com;02 Forest Run Drive
7393407094;Howard Ridley;Female;1998-03-30 21:07:41;hridleymz@ca.gov;5 Kipling Junction
9647083745;Jobye Creevy;Other;1973-10-11 21:37:38;jcreevyn0@apple.com;5 Continental Alley
8657357409;Sharyl Hostan;Female;1990-01-22 12:26:01;shostann1@mozilla.com;496 Badeau Road
1673400418;Valma Simkins;Other;1951-02-05 15:37:09;vsimkinsn2@jugem.jp;68575 Colorado Way
5348256165;Cindie McAdam;Female;1972-01-24 11:59:32;cmcadamn3@geocities.jp;
6875551877;Isidro Garm;Other;2009-05-02 05:44:32;igarmn4@cbslocal.com;66662 Manley Hill
4903135139;Tudor Yerrill;Female;1932-12-20 03:03:11;tyerrilln5@edublogs.org;9 Pepper Wood Parkway
5421380129;Olly Dammarell;Male;1998-09-19 17:14:58;odammarelln6@delicious.com;8727 Eliot Way
8931938499;Deerdre Britton;Other;1995-05-10 20:34:59;dbrittonn7@samsung.com;61 Reinke Way
4079563469;Walton Stanbrooke;Male;1930-12-21 04:30:05;wstanbrooken8@hao123.com;25418 Vera Junction
3206879181;Selma Canto;Other;1962-06-17 00:02:15;scanton9@reddit.com;86333 Grover Hill
1671553063;Angela Le Grand;Male;2004-08-15 03:34:29;alena@arstechnica.com;1154 Cardinal Alley
4565678186;Madonna Fitchen;Female;1946-06-30 00:01:11;;350 Schurz Way
2273642528;Hanson Salt;Other;1902-01-09 09:25:30;hsaltnc@tripod.com;73 Springs Circle
3765500957;Sylas Yven;Female;1902-06-10 09:09:33;syvennd@google.com;6270 Southridge Junction
9543152895;Jeanette Stockill;Other;1956-12-09 05:24:23;jstockillne@miitbeian.gov.cn;5747 Park Meadow Junction
4779251550;Mariette McGebenay;Other;1968-11-07 07:27:42;mmcgebenaynf@sciencedaily.com;2409 Clemons Alley
7004356584;Cayla Shannahan;Other;1956-10-11 18:24:24;cshannahanng@tinyurl.com;09078 Fuller Court
8765710896;Evan Foulis;Male;2012-04-02 08:01:53;;1795 Muir Plaza
8231188815;Joete Peatt;Male;1965-06-26 04:16:41;jpeattni@engadget.com;396 Dixon Court
9104236373;Antonino Corten;Male;1970-07-21 12:53:01;acortennj@dailymotion.com;9 Reinke Hill
9956090073;Sky Ashingden;Female;1945-02-04 07:14:53;sashingdennk@comcast.net;73794 Loeprich Drive
6126980705;Waverly Gouge;Female;1978-07-15 06:26:38;wgougenl@vistaprint.com;38 Dexter Crossing
2898291409;Theresina Snadden;Male;1993-06-04 05:27:11;tsnaddennm@delicious.com;8 Thompson Parkway
1478165512;Waldo Huggens;Male;1940-11-08 19:27:02;whuggensnn@storify.com;0830 Spohn Terrace
1445519886;Pren Michurin;Other;1957-04-08 10:18:32;pmichurinno@instagram.com;
5057010908;Perry Abdon;Male;1962-10-08 03:00:55;pabdonnp@oracle.com;0915 Bluestem Pass
2146297061;Corabelle King;Other;2000-07-11 23:08:53;ckingnq@flavors.me;6 Huxley Way
2934191711;Stanwood Carleman;Male;1938-12-21 07:15:43;;36981 Del Sol Center
5305016532;Nina Bushaway;Male;1912-04-21 00:31:11;nbushawayns@seattletimes.com;501 Drewry Center
5498637464;Dill MacCahey;Female;1999-11-19 06:38:30;dmaccaheynt@yelp.com;72653 Granby Crossing
7198480456;Charlena Evesque;Female;1967-07-31 22:46:36;cevesquenu@liveinternet.ru;73 Mifflin Pass
5844124362;Harley Francescuzzi;Male;1917-05-27 18:52:05;hfrancescuzzinv@dedecms.com;1801 Ridgeway Hill
9396511952;Joseph Connue;Other;1957-09-10 19:17:33;;23369 Bashford Park
1281268083;Dodie Kasman;Female;1980-03-06 13:52:01;dkasmannx@microsoft.com;
2984353888;Justen Ruilton;Other;1960-07-19 15:13:54;jruiltonny@com.com;231 Del Sol Crossing
4835015212;Corbett Janata;Female;1901-03-24 23:02:39;cjanatanz@acquirethisname.com;31741 Loeprich Lane
9583164918;Grier Escoffrey;Female;1987-04-02 12:07:09;gescoffreyo0@paypal.com;6522 Mayer Terrace
5052422072;Tommie Pancoust;Other;1951-11-04 04:50:14;tpancousto1@yelp.com;47201 Schlimgen Pass
5661002400;Nessi Bukac;Male;1932-02-13 20:09:34;nbukaco2@timesonline.co.uk;6 Eastlawn Court
9954754852;Dione Gorden;Female;1924-08-05 18:31:56;;
9998287823;Devy Brownlie;Other;1980-02-16 14:37:33;dbrownlieo4@ucsd.edu;981 Lighthouse Bay Drive
4124131081;Lavena McIlwrath;Female;2002-04-05 21:23:42;lmcilwratho5@unesco.org;90 Hintze Center
3891928932;Kendell Tanzig;Other;2014-11-08 02:57:50;ktanzigo6@addthis.com;2898 Laurel Park
3633549197;Darya Okeshott;Other;1986-10-31 00:31:29;;
5836640644;Loree Tothe;Female;1955-12-28 22:04:35;ltotheo8@go.com;
5672594485;Theodor Jobke;Other;1916-09-12 00:32:19;tjobkeo9@blogspot.com;34 Hovde Point
3621120331;Dona Simo;Female;1957-06-17 08:29:34;dsimooa@twitter.com;
4504394594;Poul Matyas;Other;1980-09-06 00:30:06;pmatyasob@ucsd.edu;12309 Florence Place
9943360414;Brandy Ryam;Female;1955-04-15 06:42:59;bryamoc@booking.com;4960 Lien Road
9789371082;Livvy Brownlie;Female;1988-11-20 13:04:05;lbrownlieod@mozilla.org;6403 Graceland Court
8138193775;Teresina Ingall;Male;1935-06-13 08:36:55;;640 Anzinger Court
5147059301;Dietrich Strathern;Other;1920-05-11 05:51:58;dstrathernof@artisteer.com;27445 Brentwood Road
4436041548;Ward Hambelton;Female;1917-05-05 21:30:34;whambeltonog@usda.gov;7588 Westport Avenue
5453231624;Clim Kliner;Other;1931-02-11 02:46:09;cklineroh@ihg.com;08262 Chinook Way
4542529821;Lark Cookes;Male;2006-07-19 17:09:49;lcookesoi@nba.com;91 New Castle Way
5138198178;Gates Boyer;Other;1985-10-13 06:07:58;;743 Mitchell Terrace
6823440102;Duky Craxford;Male;1909-06-14 04:07:51;dcraxfordok@arizona.edu;
9933223077;Cyrill Torbeck;Male;1993-04-04 05:45:07;ctorbeckol@google.fr;
7538313101;Milena Bruin;Male;2001-12-02 10:10:10;;18 Ruskin Pass
6661752318;Tansy Bucke;Other;1927-06-12 10:19:06;tbuckeon@google.com;519 Mcguire Terrace
4469685416;Karia Dockrell;Male;2003-07-26 17:51:43;kdockrelloo@ameblo.jp;7240 Ridgeview Drive
8127917734;June Sweedy;Other;1912-07-01 20:16:21;jsweedyop@fema.gov;80 Burrows Street
4452248921;Evonne Dochon;Female;1984-08-04 09:02:43;edochonoq@myspace.com;3 Clove Center
6721764478;Rob Lyptrade;Female;1982-07-22 20:51:09;rlyptradeor@artisteer.com;25 Heffernan Alley
3483486534;Anthea Edling;Female;1994-01-06 04:22:53;aedlingos@msn.com;0 Drewry Drive
5288054829;Minda Fenna;Female;1922-09-29 00:15:33;mfennaot@naver.com;50 Bluejay Road
4786437361;Glennie Tall;Other;1969-01-12 08:06:16;gtallou@aol.com;
8118247813;Gardiner Lardiner;Other;1916-10-11 20:51:33;glardinerov@home.pl;12195 Carpenter Place
3102419948;Tobiah Bailey;Male;1944-03-29 17:57:16;tbaileyow@dell.com;84 Eagle Crest Plaza
8994389149;Thaddus Cooke;Female;1966-07-05 09:37:05;tcookeox@example.com;052 Graedel Park
3806882393;Alia Forgie;Female;1930-05-02 00:21:30;aforgieoy@amazon.co.jp;99065 Moland Road
2172893399;Rip Maddy;Female;1960-08-23 03:50:33;rmaddyoz@reference.com;1 Graceland Way
5062228663;Reggie Moulden;Other;1945-01-06 21:20:27;rmouldenp0@shareasale.com;02 Sloan Plaza
3804747835;Rosco Patrick;Other;1995-07-03 23:38:43;rpatrickp1@shareasale.com;88266 Anhalt Plaza
1694661762;Melina Casale;Female;1951-09-27 04:11:10;mcasalep2@indiatimes.com;46066 Hooker Way
3916989687;Ike Fritter;Other;1944-12-27 13:18:14;ifritterp3@phoca.cz;3977 Holmberg Way
2558368676;Sam Brittle;Female;2010-06-15 18:42:40;sbrittlep4@slideshare.net;353 Sloan Terrace
2602961428;Yuri Westfalen;Male;1927-07-16 09:31:55;ywestfalenp5@is.gd;66 Evergreen Court
2923219141;Jilli Degenhardt;Female;1911-02-16 23:00:58;jdegenhardtp6@csmonitor.com;835 Village Green Crossing
8513536949;Deidre Penticost;Female;1995-12-02 10:38:55;dpenticostp7@gnu.org;2 Lakewood Crossing
7399313373;Etty Adamov;Male;2005-03-08 11:57:06;eadamovp8@nih.gov;8 Sachs Court
8692670814;Pieter Heintzsch;Other;1967-02-22 10:29:00;;6 Glendale Point
7074135418;Teddi Batho;Female;1920-01-24 08:49:20;tbathopa@hud.gov;0 Nancy Center
9664255904;Stefanie Commins;Female;1979-06-06 23:07:57;scomminspb@columbia.edu;
6204444728;Jan Baggalley;Female;1959-08-07 20:59:40;jbaggalleypc@bandcamp.com;2503 Garrison Center
4067270568;Fabien Gillmore;Male;1953-06-17 21:47:54;;98135 Veith Point
2907765412;Carlene Fearnall;Other;1916-09-04 00:33:50;;0 Stang Avenue
8976071131;Dael Brasier;Female;1987-11-19 15:50:22;dbrasierpf@smugmug.com;94524 Ridge Oak Lane
6789133609;Lucas Peasby;Other;1934-01-03 09:30:23;lpeasbypg@1und1.de;7484 Golf Course Center
1191502893;Hartwell Bligh;Other;1959-03-22 00:40:38;hblighph@businessweek.com;5 Susan Circle
6951051495;Niki Deniseau;Male;1912-04-01 05:34:53;ndeniseaupi@whitehouse.gov;7 Buena Vista Place
2927049835;Francklyn Killcross;Male;1963-10-05 13:04:24;fkillcrosspj@yahoo.com;4 Iowa Parkway
9002308808;Natalee Phillpot;Other;1911-04-12 00:11:19;nphillpotpk@upenn.edu;17 Brentwood Crossing
5331853107;Eloisa Redwall;Female;1997-05-22 20:53:48;eredwallpl@weebly.com;7 Pennsylvania Point
5633614318;Joni Nobriga;Female;1976-09-09 05:09:37;jnobrigapm@engadget.com;
1192566035;Evanne Barrell;Female;1940-02-12 16:57:21;ebarrellpn@google.pl;4 Oak Circle
6162663821;Zachery Eisold;Male;1930-10-29 12:16:47;zeisoldpo@gov.uk;
3955596024;Norene Paterson;Female;1949-09-30 11:27:53;npatersonpp@skype.com;37631 Bashford Circle
5038197280;Vicky Askem;Other;1971-09-15 10:59:49;vaskempq@home.pl;725 Dwight Center
8564682389;Jasmin Jayme;Other;1978-02-25 15:39:15;jjaymepr@virginia.edu;41 Ridgeway Trail
4787288929;Ev Berrey;Other;1971-03-06 14:18:05;eberreyps@prweb.com;035 Shasta Circle
2067016704;Cynde Izakson;Female;1924-07-10 04:05:40;cizaksonpt@printfriendly.com;22 Spenser Pass
3195863636;Iosep Fears;Other;1950-01-05 03:10:37;ifearspu@berkeley.edu;72477 Almo Road
8067846588;Jonis Clowser;Other;2009-07-08 20:54:22;jclowserpv@phpbb.com;0902 Londonderry Point
9677052504;Hendrik Sturm;Other;1974-09-13 11:39:44;hsturmpw@fema.gov;1 American Trail
1977236370;Hewie Krolak;Other;1961-06-18 19:33:20;hkrolakpx@php.net;3 Kennedy Circle
9694967279;Warner Jerrans;Male;1960-10-01 13:36:21;wjerranspy@dailymotion.com;03 Pepper Wood Trail
5317705699;Lucian Anthonies;Male;1963-01-12 03:42:18;lanthoniespz@bing.com;940 Gina Crossing
4357754624;Nehemiah Sterry;Male;1907-05-09 18:30:14;;8 Golden Leaf Street
8088970949;Angie Mariyushkin;Male;1994-09-01 03:12:10;amariyushkinq1@discovery.com;
1595227997;Kassie Bashford;Male;1957-05-25 23:52:08;kbashfordq2@canalblog.com;1 Lakewood Gardens Terrace
4309819563;Randene Breche;Other;1943-03-30 17:22:07;rbrecheq3@fda.gov;185 Burning Wood Point
3227267854;Mordecai Ciraldo;Female;2005-02-09 22:45:32;mciraldoq4@paypal.com;851 Evergreen Hill
1733944309;Alecia Swannack;Other;1968-07-16 03:20:21;aswannackq5@jalbum.net;
2216712667;Hoyt Lancastle;Other;2004-07-26 12:00:54;hlancastleq6@noaa.gov;3754 Corscot Place
2898828190;Roderigo Dripp;Male;1922-10-12 08:16:18;rdrippq7@dion.ne.jp;08 Lawn Point
1917996309;Mandie Gives;Female;1923-02-05 22:00:57;mgivesq8@360.cn;4365 Summer Ridge Avenue
9337364548;Goober McQuaid;Male;1984-08-28 14:34:37;gmcquaidq9@xinhuanet.com;732 Karstens Point
3567310102;Llywellyn King;Female;1940-01-13 23:39:45;lkingqa@virginia.edu;43 Swallow Center
1645815624;Renae Kunert;Male;1976-01-19 02:47:14;rkunertqb@yolasite.com;48 Vernon Way
4768756117;Julianne Rodolfi;Male;1962-03-21 22:06:29;jrodolfiqc@msu.edu;1085 Mosinee Junction
6262495379;Baxter Sandhill;Other;1972-09-08 09:15:19;bsandhillqd@zimbio.com;87 West Circle
2279589730;Amata Domoni;Other;1920-07-24 17:08:33;adomoniqe@springer.com;7 Utah Road
2144891433;Teodoro Moniker;Female;1948-08-30 23:08:14;;79563 Waywood Lane
5303636503;Carissa Cliff;Other;1996-01-06 18:18:46;ccliffqg@stumbleupon.com;3704 Blackbird Circle
1155466261;Barbey Cotte;Female;1972-02-21 08:46:26;bcotteqh@eepurl.com;662 Declaration Plaza
7149400801;Greggory Prosek;Other;1975-02-25 23:03:09;gprosekqi@ucoz.ru;1629 Kedzie Park
6151106364;Amalle Averies;Male;1981-02-24 06:33:47;aaveriesqj@desdev.cn;47 Rusk Court
5401885331;Ryon Joel;Male;1920-01-09 13:58:03;rjoelqk@auda.org.au;6048 Jenna Crossing
1445978834;Davine Iori;Male;1953-12-15 17:58:07;dioriql@cmu.edu;2859 Manitowish Place
3261199201;Dur Trood;Female;1943-01-29 20:46:22;dtroodqm@msn.com;11 Main Center
1235732290;Rockey Lewing;Female;1953-06-23 15:25:06;;78 Knutson Point
6768352217;Ramsey Conahy;Other;1928-03-24 23:08:11;rconahyqo@example.com;3 Lunder Crossing
2114095585;Giuditta Albrook;Male;1972-09-19 13:21:02;galbrookqp@sfgate.com;
4591401446;Lucretia Fincke;Other;1983-04-02 19:37:37;lfinckeqq@liveinternet.ru;47 Twin Pines Lane
3768740652;Zeke Jakeman;Other;1982-01-19 15:44:11;zjakemanqr@etsy.com;03 Loomis Court
9869838857;Cecil Cuschieri;Female;1902-04-13 08:26:31;ccuschieriqs@ebay.co.uk;252 Rockefeller Pass
9789909371;Giacopo De Paoli;Other;1964-11-03 04:36:05;gdeqt@soup.io;2 Dixon Lane
1654516269;Bethany Mattiato;Male;1976-02-11 06:34:57;bmattiatoqu@nih.gov;151 Shelley Junction
6259207446;Lonny Hesey;Male;1918-09-05 07:56:13;lheseyqv@bbc.co.uk;305 Cordelia Pass
6351326186;Petrina Ebbotts;Other;1919-07-20 05:54:02;pebbottsqw@umich.edu;51 Rowland Park
4989454661;Jesse De Luna;Other;1954-12-09 11:21:06;jdeqx@bluehost.com;515 Kinsman Junction
7423525999;Husain Son;Male;1976-06-22 12:29:34;hsonqy@cyberchimps.com;1087 Clove Terrace
8577588873;Augusta Pimer;Male;1966-04-23 04:14:27;apimerqz@mashable.com;01639 Russell Place
8538799891;Octavia Partrick;Male;1905-08-29 02:16:04;opartrickr0@oaic.gov.au;96 Oak Valley Place
7583615453;Christie Lanaway;Other;1934-07-08 08:39:54;clanawayr1@edublogs.org;90446 Amoth Avenue
6776549707;Bat Restill;Male;1907-06-27 17:10:29;brestillr2@google.co.uk;352 Ruskin Trail
7781794298;Alfonso Enga;Other;1926-03-13 10:29:38;aengar3@washington.edu;482 Stone Corner Street
5266121535;Nat Dominico;Other;1918-05-16 21:47:31;ndominicor4@techcrunch.com;722 Birchwood Avenue
6889777611;Missy Extence;Female;1935-10-05 12:42:04;mextencer5@dagondesign.com;
9548626723;Ivonne Deviney;Male;1955-12-12 17:02:52;idevineyr6@washingtonpost.com;732 8th Lane
3636115108;Gratiana Kinnar;Other;1931-03-01 13:34:17;gkinnarr7@dmoz.org;359 Loomis Pass
5003792626;Caesar Batteson;Male;1974-08-10 14:21:38;cbattesonr8@wikimedia.org;23 Katie Avenue
1916384510;Baldwin Oneill;Other;1979-08-16 07:49:09;boneillr9@aol.com;
6493353138;Korey Clemens;Female;1942-07-23 20:40:24;kclemensra@opensource.org;
9643981211;Zonda Altree;Male;1920-08-15 11:26:33;zaltreerb@java.com;592 Summit Way
3929891401;Una Gelly;Other;1914-11-25 19:15:47;ugellyrc@weather.com;32833 Welch Park
5742233201;Gus Cawkwell;Male;1990-07-10 10:50:57;gcawkwellrd@usa.gov;3 Red Cloud Road
2667912927;Dino Saint;Female;1948-09-04 13:36:32;dsaintre@msn.com;23 Memorial Hill
2302393244;Johnath Drysdall;Other;1946-04-23 21:40:51;;259 Pearson Pass
2538915533;Bathsheba Baptist;Male;1911-02-05 16:54:38;bbaptistrg@blog.com;978 Summit Plaza
7476359317;Cody Monger;Other;1988-12-11 18:08:36;cmongerrh@vk.com;3 Morrow Plaza
9532689501;Sidnee Denham;Female;1906-11-06 20:40:10;sdenhamri@samsung.com;3633 Rutledge Road
3992850265;Minerva D'Onise;Other;1914-02-18 03:43:48;mdoniserj@columbia.edu;7 Twin Pines Street
1229175528;Knox Donneely;Other;2011-09-22 01:25:25;kdonneelyrk@digg.com;5936 Kennedy Junction
6589218940;Rozalie Blackhall;Other;1950-04-16 07:10:34;rblackhallrl@360.cn;08304 Blaine Junction
2918882554;Sondra MacCallester;Female;1953-09-25 08:42:04;smaccallesterrm@hugedomains.com;83 Comanche Avenue
1727498011;Briano Skirving;Male;1912-01-20 10:46:17;;37143 Leroy Place
1353212499;Kimbra Smallbone;Other;1907-09-24 09:59:10;ksmallbonero@sohu.com;656 Lindbergh Park
7239762389;Celestia Gladdis;Female;1958-12-28 15:47:37;;1628 Buell Alley
8372100733;Dredi Templman;Male;1960-08-20 06:18:34;dtemplmanrq@spotify.com;23 International Park
7159801799;Herbie Annable;Female;1968-05-11 10:18:08;hannablerr@oakley.com;3009 Dottie Terrace
0000000000;Anonymous;Other;0001-01-01 00:00:00;;
